Country Name,Country Code,Indicator Name,Indicator Code,1960,1961,1962,1963,1964,1965,1966,1967,1968,1969,1970,1971,1972,1973,1974,1975,1976,1977,1978,1979,1980,1981,1982,1983,1984,1985,1986,1987,1988,1989,1990,1991,1992,1993,1994,1995,1996,1997,1998,1999,2000,2001,2002,2003,2004,2005,2006,2007,2008,2009,2010,2011,2012,2013,2014,2015,2016,2017,2018,2019,2020,2021,2022,2023,
Aruba,ABW,Terrestrial and marine protected areas (% of total territorial area),ER.PTD.TOTL.ZS,,,,,,,,,,,,,,,,,,,,,,,,,,,,,,,,,,,,,,,,,,,,,,,,,,,,,,,,,0.527983104540655,0.141163456065734,0.141163456065734,0.141163749334901,0.141163749334901,0.14116374863027,0.14116374863027,,
Africa Eastern and Southern,AFE,Terrestrial and marine protected areas (% of total territorial area),ER.PTD.TOTL.ZS,,,,,,,,,,,,,,,,,,,,,,,,,,,,,,,,,,,,,,,,,,,,,,,,,,,,,,,,,14.3799135932196,14.9744719427862,14.9744660746762,15.21441262673,14.7832853638492,14.9540901760539,,,
Afghanistan,AFG,Terrestrial and marine protected areas (% of total territorial area),ER.PTD.TOTL.ZS,,,,,,,,,,,,,,,,,,,,,,,,,,,,,,,,,,,,,,,,,,,,,,,,,,,,,,,,,0.104707040342723,0.104707034792812,0.104707034792812,0.104707034772672,3.6372565953286,3.6372565953286,3.6372565953286,,
Africa Western and Central,AFW,Terrestrial and marine protected areas (% of total territorial area),ER.PTD.TOTL.ZS,,,,,,,,,,,,,,,,,,,,,,,,,,,,,,,,,,,,,,,,,,,,,,,,,,,,,,,,,13.7867609591824,14.1984226658565,14.1984226658565,14.2253960766503,14.264086333397,14.3323469258044,,,
Angola,AGO,Terrestrial and marine protected areas (% of total territorial area),ER.PTD.TOTL.ZS,,,,,,,,,,,,,,,,,,,,,,,,,,,,,,,,,,,,,,,,,,,,,,,,,,,,,,,,,5.00471334206571,5.00471082728009,5.00471082728009,5.00470976182012,5.00470976182012,5.00470976181898,5.00470976181898,,
Albania,ALB,Terrestrial and marine protected areas (% of total territorial area),ER.PTD.TOTL.ZS,,,,,,,,,,,,,,,,,,,,,,,,,,,,,,,,,,,,,,,,,,,,,,,,,,,,,,,,,13.1477494617734,13.5256825491485,13.5256825491485,14.1739289636404,14.173928961137,14.175197493317,14.1751972700153,,
Andorra,AND,Terrestrial and marine protected areas (% of total territorial area),ER.PTD.TOTL.ZS,,,,,,,,,,,,,,,,,,,,,,,,,,,,,,,,,,,,,,,,,,,,,,,,,,,,,,,,,21.1909302818394,26.7277247815139,26.7277247815139,26.7277246892732,26.7277246892732,26.8572658896295,26.8572658896295,,
Arab World,ARB,Terrestrial and marine protected areas (% of total territorial area),ER.PTD.TOTL.ZS,,,,,,,,,,,,,,,,,,,,,,,,,,,,,,,,,,,,,,,,,,,,,,,,,,,,,,,,,4.28390601565249,4.5891706688671,4.5891706688671,4.59998632805215,3.3654375147588,3.33501551422926,,,
United Arab Emirates,ARE,Terrestrial and marine protected areas (% of total territorial area),ER.PTD.TOTL.ZS,,,,,,,,,,,,,,,,,,,,,,,,,,,,,,,,,,,,,,,,,,,,,,,,,,,,,,,,,9.23566752233697,15.0438947733197,15.0438947733197,15.0438895628923,15.9236658269911,15.9236658269911,15.9236658269911,,
Argentina,ARG,Terrestrial and marine protected areas (% of total territorial area),ER.PTD.TOTL.ZS,,,,,,,,,,,,,,,,,,,,,,,,,,,,,,,,,,,,,,,,,,,,,,,,,,,,,,,,,7.52859334896618,7.40512875012761,7.40512875012761,9.39316507147205,9.39797629654303,9.39797629654303,9.55264564367104,,
Armenia,ARM,Terrestrial and marine protected areas (% of total territorial area),ER.PTD.TOTL.ZS,,,,,,,,,,,,,,,,,,,,,,,,,,,,,,,,,,,,,,,,,,,,,,,,,,,,,,,,,23.1090030789546,23.1105028060216,23.1105028060216,24.3054045231928,24.3054045231928,24.3054045231928,24.6810162414224,,
American Samoa,ASM,Terrestrial and marine protected areas (% of total territorial area),ER.PTD.TOTL.ZS,,,,,,,,,,,,,,,,,,,,,,,,,,,,,,,,,,,,,,,,,,,,,,,,,,,,,,,,,8.70852175263238,8.71956554004454,8.71956554004454,8.71956491978601,0.00264356353982557,8.72742799710092,8.72742799710092,,
Antigua and Barbuda,ATG,Terrestrial and marine protected areas (% of total territorial area),ER.PTD.TOTL.ZS,,,,,,,,,,,,,,,,,,,,,,,,,,,,,,,,,,,,,,,,,,,,,,,,,,,,,,,,,0.271690243750207,0.258339766209328,0.258339766209328,0.258338851921314,0.386017524820107,0.381997432716486,0.381997432716486,,
Australia,AUS,Terrestrial and marine protected areas (% of total territorial area),ER.PTD.TOTL.ZS,,,,,,,,,,,,,,,,,,,,,,,,,,,,,,,,,,,,,,,,,,,,,,,,,,,,,,,,,28.5918417236676,29.7087937305528,29.7087937305528,29.7087926208931,30.395527849221,32.1204150724308,32.1204150724308,,
Austria,AUT,Terrestrial and marine protected areas (% of total territorial area),ER.PTD.TOTL.ZS,,,,,,,,,,,,,,,,,,,,,,,,,,,,,,,,,,,,,,,,,,,,,,,,,,,,,,,,,28.4439825865815,28.3979816556051,28.3979816556051,28.4168836235236,29.0943192997424,29.283329632277,29.5004667251294,,
Azerbaijan,AZE,Terrestrial and marine protected areas (% of total territorial area),ER.PTD.TOTL.ZS,,,,,,,,,,,,,,,,,,,,,,,,,,,,,,,,,,,,,,,,,,,,,,,,,,,,,,,,,5.51874580872895,5.51915683577014,5.51915683577014,5.51915287845348,5.51915287845348,5.51915287869492,5.51915287902806,,
Burundi,BDI,Terrestrial and marine protected areas (% of total territorial area),ER.PTD.TOTL.ZS,,,,,,,,,,,,,,,,,,,,,,,,,,,,,,,,,,,,,,,,,,,,,,,,,,,,,,,,,7.59254563428626,7.59147170587878,7.59147170587878,7.59147171158893,7.59147171158893,7.59147171158893,7.59147171158893,,
Belgium,BEL,Terrestrial and marine protected areas (% of total territorial area),ER.PTD.TOTL.ZS,,,,,,,,,,,,,,,,,,,,,,,,,,,,,,,,,,,,,,,,,,,,,,,,,,,,,,,,,24.5781622457406,24.6491730272904,24.6491730272904,26.1053880527861,17.5792392418833,17.6376554009437,17.838189781615,,
Benin,BEN,Terrestrial and marine protected areas (% of total territorial area),ER.PTD.TOTL.ZS,,,,,,,,,,,,,,,,,,,,,,,,,,,,,,,,,,,,,,,,,,,,,,,,,,,,,,,,,28.8719449693959,23.4719085609043,23.4719085609043,23.4567008171927,23.4571061105145,23.4877701634479,23.4877701634479,,
Burkina Faso,BFA,Terrestrial and marine protected areas (% of total territorial area),ER.PTD.TOTL.ZS,,,,,,,,,,,,,,,,,,,,,,,,,,,,,,,,,,,,,,,,,,,,,,,,,,,,,,,,,15.084819776291,14.9228805539331,14.9228805539331,14.8904413146205,16.4016790711899,16.4263740899271,16.4263740899271,,
Bangladesh,BGD,Terrestrial and marine protected areas (% of total territorial area),ER.PTD.TOTL.ZS,,,,,,,,,,,,,,,,,,,,,,,,,,,,,,,,,,,,,,,,,,,,,,,,,,,,,,,,,4.88867647961894,4.88864858128713,4.88864858128713,4.88855578041463,4.88855578041463,4.88855578041463,4.88855578041463,,
Bulgaria,BGR,Terrestrial and marine protected areas (% of total territorial area),ER.PTD.TOTL.ZS,,,,,,,,,,,,,,,,,,,,,,,,,,,,,,,,,,,,,,,,,,,,,,,,,,,,,,,,,28.2871319536603,28.2969904804196,28.2969904804196,32.7648424580459,33.1116466349662,33.112004262546,33.1122290722854,,
Bahrain,BHR,Terrestrial and marine protected areas (% of total territorial area),ER.PTD.TOTL.ZS,,,,,,,,,,,,,,,,,,,,,,,,,,,,,,,,,,,,,,,,,,,,,,,,,,,,,,,,,1.69477264805221,1.68635200570205,1.68635200570205,1.68639994586946,1.68639994586946,1.68639994863401,20.4512893274352,,
"Bahamas, The",BHS,Terrestrial and marine protected areas (% of total territorial area),ER.PTD.TOTL.ZS,,,,,,,,,,,,,,,,,,,,,,,,,,,,,,,,,,,,,,,,,,,,,,,,,,,,,,,,,1.24025812422249,8.55510641678468,8.55510641678468,8.55510453357711,8.55510453357711,8.55510453357711,8.55510453357711,,
Bosnia and Herzegovina,BIH,Terrestrial and marine protected areas (% of total territorial area),ER.PTD.TOTL.ZS,,,,,,,,,,,,,,,,,,,,,,,,,,,,,,,,,,,,,,,,,,,,,,,,,,,,,,,,,1.45241014188329,1.39514750796966,1.39514750796966,1.39515395617687,3.62585149429506,3.97065565889806,4.06265118305976,,
Belarus,BLR,Terrestrial and marine protected areas (% of total territorial area),ER.PTD.TOTL.ZS,,,,,,,,,,,,,,,,,,,,,,,,,,,,,,,,,,,,,,,,,,,,,,,,,,,,,,,,,9.51125836698787,9.35349335261767,9.35349335261767,9.35349356883009,9.35349356883009,13.842986650784,13.842986650784,,
Belize,BLZ,Terrestrial and marine protected areas (% of total territorial area),ER.PTD.TOTL.ZS,,,,,,,,,,,,,,,,,,,,,,,,,,,,,,,,,,,,,,,,,,,,,,,,,,,,,,,,,20.5917919778095,20.5904509930421,20.5904509930421,20.5904329356337,21.122102702229,21.122102702229,21.122102702229,,
Bermuda,BMU,Terrestrial and marine protected areas (% of total territorial area),ER.PTD.TOTL.ZS,,,,,,,,,,,,,,,,,,,,,,,,,,,,,,,,,,,,,,,,,,,,,,,,,,,,,,,,,0.0338708242033383,0.000390137013900296,0.000390137013900296,0.000390137467614568,0.000390137467614568,0.000390137301581103,0.000390137301581103,,
Bolivia,BOL,Terrestrial and marine protected areas (% of total territorial area),ER.PTD.TOTL.ZS,,,,,,,,,,,,,,,,,,,,,,,,,,,,,,,,,,,,,,,,,,,,,,,,,,,,,,,,,30.8655154573011,30.8654914952935,30.8654914952935,30.8655681180118,30.8655681180118,30.8655681180118,30.8655681180118,,
Brazil,BRA,Terrestrial and marine protected areas (% of total territorial area),ER.PTD.TOTL.ZS,,,,,,,,,,,,,,,,,,,,,,,,,,,,,,,,,,,,,,,,,,,,,,,,,,,,,,,,,20.7372842292403,28.5782526119273,28.5782526119273,28.5782512013805,29.2372083081929,29.2563048918493,29.2563048918493,,
Barbados,BRB,Terrestrial and marine protected areas (% of total territorial area),ER.PTD.TOTL.ZS,,,,,,,,,,,,,,,,,,,,,,,,,,,,,,,,,,,,,,,,,,,,,,,,,,,,,,,,,0.00916620431253737,0.00887361505544849,0.00887361505544849,0.00860620181895804,0.00860620235814648,0.00860620175749056,0.00860620211335492,,
Brunei Darussalam,BRN,Terrestrial and marine protected areas (% of total territorial area),ER.PTD.TOTL.ZS,,,,,,,,,,,,,,,,,,,,,,,,,,,,,,,,,,,,,,,,,,,,,,,,,,,,,,,,,8.98923250400346,8.98950185960816,8.98950185960816,8.98938304155844,8.98938304155844,8.98938304297979,8.98938304297979,,
Bhutan,BTN,Terrestrial and marine protected areas (% of total territorial area),ER.PTD.TOTL.ZS,,,,,,,,,,,,,,,,,,,,,,,,,,,,,,,,,,,,,,,,,,,,,,,,,,,,,,,,,48.0073121564601,48.0078510451912,48.0078510451912,48.0078509114681,49.6693358478051,49.6693358227634,49.6693358227634,,
Botswana,BWA,Terrestrial and marine protected areas (% of total territorial area),ER.PTD.TOTL.ZS,,,,,,,,,,,,,,,,,,,,,,,,,,,,,,,,,,,,,,,,,,,,,,,,,,,,,,,,,29.1432918377963,29.1432374214094,29.1432374214094,29.1432570341637,29.1432570341637,29.1432570341637,29.1432570341637,,
Central African Republic,CAF,Terrestrial and marine protected areas (% of total territorial area),ER.PTD.TOTL.ZS,,,,,,,,,,,,,,,,,,,,,,,,,,,,,,,,,,,,,,,,,,,,,,,,,,,,,,,,,18.0648063941797,18.0648242198926,18.0648242198926,18.0648242260513,18.0648236496529,18.0648236496529,18.0648236496529,,
Canada,CAN,Terrestrial and marine protected areas (% of total territorial area),ER.PTD.TOTL.ZS,,,,,,,,,,,,,,,,,,,,,,,,,,,,,,,,,,,,,,,,,,,,,,,,,,,,,,,,,6.47711948156826,6.47719362274678,6.47719362274678,7.83606041445404,9.49661859231818,10.7998356346904,11.3811168673874,,
Central Europe and the Baltics,CEB,Terrestrial and marine protected areas (% of total territorial area),ER.PTD.TOTL.ZS,,,,,,,,,,,,,,,,,,,,,,,,,,,,,,,,,,,,,,,,,,,,,,,,,,,,,,,,,27.7754249270476,28.2083504441326,28.2083991032469,28.6555875655496,28.432683027611,28.4343622245747,,,
Switzerland,CHE,Terrestrial and marine protected areas (% of total territorial area),ER.PTD.TOTL.ZS,,,,,,,,,,,,,,,,,,,,,,,,,,,,,,,,,,,,,,,,,,,,,,,,,,,,,,,,,9.65051637879546,9.66518426119507,9.66518426119507,9.99342442212193,11.9587701898469,12.1325764873699,12.1402102955477,,
Channel Islands,CHI,Terrestrial and marine protected areas (% of total territorial area),ER.PTD.TOTL.ZS,,,,,,,,,,,,,,,,,,,,,,,,,,,,,,,,,,,,,,,,,,,,,,,,,,,,,,,,,,,,,,,,,
Chile,CHL,Terrestrial and marine protected areas (% of total territorial area),ER.PTD.TOTL.ZS,,,,,,,,,,,,,,,,,,,,,,,,,,,,,,,,,,,,,,,,,,,,,,,,,,,,,,,,,13.5939050071834,27.0392385768099,27.0392385768099,37.6184456529839,37.8113605117008,37.8113605117008,37.8614581067479,,
China,CHN,Terrestrial and marine protected areas (% of total territorial area),ER.PTD.TOTL.ZS,,,,,,,,,,,,,,,,,,,,,,,,,,,,,,,,,,,,,,,,,,,,,,,,,,,,,,,,,15.9392803086493,14.5876416474392,14.5876416474392,14.7363957337724,14.7465114295171,14.7465114295171,14.7465114295171,,
Cote d'Ivoire,CIV,Terrestrial and marine protected areas (% of total territorial area),ER.PTD.TOTL.ZS,,,,,,,,,,,,,,,,,,,,,,,,,,,,,,,,,,,,,,,,,,,,,,,,,,,,,,,,,14.8914750759545,14.8915471093909,14.8915471093909,14.891541883272,14.9405128787588,14.9406992220439,14.9406992220439,,
Cameroon,CMR,Terrestrial and marine protected areas (% of total territorial area),ER.PTD.TOTL.ZS,,,,,,,,,,,,,,,,,,,,,,,,,,,,,,,,,,,,,,,,,,,,,,,,,,,,,,,,,10.3820772995156,10.3821451142253,10.3821451142253,10.9280656108922,10.9471335952251,10.9762421976537,10.9762421976537,,
"Congo, Dem. Rep.",COD,Terrestrial and marine protected areas (% of total territorial area),ER.PTD.TOTL.ZS,,,,,,,,,,,,,,,,,,,,,,,,,,,,,,,,,,,,,,,,,,,,,,,,,,,,,,,,,12.6343110542534,13.7567562191358,13.7567562191358,13.7567536871775,13.7567536871775,13.7567536871775,13.7770512004428,,
"Congo, Rep.",COG,Terrestrial and marine protected areas (% of total territorial area),ER.PTD.TOTL.ZS,,,,,,,,,,,,,,,,,,,,,,,,,,,,,,,,,,,,,,,,,,,,,,,,,,,,,,,,,36.7093039291158,36.8382795180106,36.8382795180106,36.8383206672265,33.2826313720754,33.2826313720754,33.2826313720754,,
Colombia,COL,Terrestrial and marine protected areas (% of total territorial area),ER.PTD.TOTL.ZS,,,,,,,,,,,,,,,,,,,,,,,,,,,,,,,,,,,,,,,,,,,,,,,,,,,,,,,,,9.44644364805646,15.6885212658182,15.6885212658182,15.6849963074828,17.0092325265217,17.0092380975531,16.6704835011565,,
Comoros,COM,Terrestrial and marine protected areas (% of total territorial area),ER.PTD.TOTL.ZS,,,,,,,,,,,,,,,,,,,,,,,,,,,,,,,,,,,,,,,,,,,,,,,,,,,,,,,,,0.126191492899187,0.125684891164512,0.125684891164512,0.125684789319504,0.714060862402592,0.714060862821236,0.714060862821236,,
Cabo Verde,CPV,Terrestrial and marine protected areas (% of total territorial area),ER.PTD.TOTL.ZS,,,,,,,,,,,,,,,,,,,,,,,,,,,,,,,,,,,,,,,,,,,,,,,,,,,,,,,,,2.60303687635575,0.0155917052278871,0.0155917052278871,0.0155917026479988,0.0155917026479988,0.0155917026419135,0.0155917026419135,,
Costa Rica,CRI,Terrestrial and marine protected areas (% of total territorial area),ER.PTD.TOTL.ZS,,,,,,,,,,,,,,,,,,,,,,,,,,,,,,,,,,,,,,,,,,,,,,,,,,,,,,,,,3.03546193741007,3.03538959317313,3.03538959317313,4.72652051773822,4.84177038718374,4.84177038877674,28.7573679898287,,
Caribbean small states,CSS,Terrestrial and marine protected areas (% of total territorial area),ER.PTD.TOTL.ZS,,,,,,,,,,,,,,,,,,,,,,,,,,,,,,,,,,,,,,,,,,,,,,,,,,,,,,,,,7.00660560709177,7.24006645908859,7.24006645908859,7.17253188886013,7.20074156744051,7.20101539948658,,,
Cuba,CUB,Terrestrial and marine protected areas (% of total territorial area),ER.PTD.TOTL.ZS,,,,,,,,,,,,,,,,,,,,,,,,,,,,,,,,,,,,,,,,,,,,,,,,,,,,,,,,,7.18434684613918,7.18462280816919,7.18462280816919,6.74637758939583,6.74667574040111,6.74667574040111,6.74667574040111,,
Curacao,CUW,Terrestrial and marine protected areas (% of total territorial area),ER.PTD.TOTL.ZS,,,,,,,,,,,,,,,,,,,,,,,,,,,,,,,,,,,,,,,,,,,,,,,,,,,,,,,,,0.258181114051507,0.258715834177835,0.258715834177835,0.266785053541896,0.266785053541896,0.266785052121899,0.266785052121899,,
Cayman Islands,CYM,Terrestrial and marine protected areas (% of total territorial area),ER.PTD.TOTL.ZS,,,,,,,,,,,,,,,,,,,,,,,,,,,,,,,,,,,,,,,,,,,,,,,,,,,,,,,,,0.103424001708164,0.1034531661285,0.1034531661285,0.103452772882684,0.103452772882684,0.103452772840981,0.103452772840981,,
Cyprus,CYP,Terrestrial and marine protected areas (% of total territorial area),ER.PTD.TOTL.ZS,,,,,,,,,,,,,,,,,,,,,,,,,,,,,,,,,,,,,,,,,,,,,,,,,,,,,,,,,1.68711670729969,1.68708521970488,1.68708521970488,3.36629764434659,11.1516902679493,11.1516903639034,11.1620377565196,,
Czechia,CZE,Terrestrial and marine protected areas (% of total territorial area),ER.PTD.TOTL.ZS,,,,,,,,,,,,,,,,,,,,,,,,,,,,,,,,,,,,,,,,,,,,,,,,,,,,,,,,,21.6859243630073,22.1556760039807,22.1556760039807,22.1598407460007,22.1622620179607,22.1643737935128,22.1680196265452,,
Germany,DEU,Terrestrial and marine protected areas (% of total territorial area),ER.PTD.TOTL.ZS,,,,,,,,,,,,,,,,,,,,,,,,,,,,,,,,,,,,,,,,,,,,,,,,,,,,,,,,,38.7268950286066,38.7874034693079,38.7874034693079,38.4691053780516,38.8328754291051,38.541715356119,38.6587566328831,,
Djibouti,DJI,Terrestrial and marine protected areas (% of total territorial area),ER.PTD.TOTL.ZS,,,,,,,,,,,,,,,,,,,,,,,,,,,,,,,,,,,,,,,,,,,,,,,,,,,,,,,,,1.32295288625376,1.23209428640264,1.23209428640264,1.2320890401808,1.2320890401808,1.23208903817213,1.23208903817213,,
Dominica,DMA,Terrestrial and marine protected areas (% of total territorial area),ER.PTD.TOTL.ZS,,,,,,,,,,,,,,,,,,,,,,,,,,,,,,,,,,,,,,,,,,,,,,,,,,,,,,,,,0.586134695785929,0.673332200010968,0.673332200010968,0.604706701109275,0.604021448911815,0.604009505513693,0.602597377103611,,
Denmark,DNK,Terrestrial and marine protected areas (% of total territorial area),ER.PTD.TOTL.ZS,,,,,,,,,,,,,,,,,,,,,,,,,,,,,,,,,,,,,,,,,,,,,,,,,,,,,,,,,17.7570683242766,17.9276418331277,17.9276418331277,17.7064790041568,17.9023543259784,17.902303913776,17.9019843467964,,
Dominican Republic,DOM,Terrestrial and marine protected areas (% of total territorial area),ER.PTD.TOTL.ZS,,,,,,,,,,,,,,,,,,,,,,,,,,,,,,,,,,,,,,,,,,,,,,,,,,,,,,,,,11.2019393392716,19.2157370412977,19.2157370412977,19.2156129976437,19.2156129976437,19.2156129976437,18.6612706081361,,
Algeria,DZA,Terrestrial and marine protected areas (% of total territorial area),ER.PTD.TOTL.ZS,,,,,,,,,,,,,,,,,,,,,,,,,,,,,,,,,,,,,,,,,,,,,,,,,,,,,,,,,7.10549985987089,7.10549311732352,7.10549311732352,7.10545448838319,4.40003633212111,4.40003633213823,4.40003633213823,,
East Asia & Pacific (excluding high income),EAP,Terrestrial and marine protected areas (% of total territorial area),ER.PTD.TOTL.ZS,,,,,,,,,,,,,,,,,,,,,,,,,,,,,,,,,,,,,,,,,,,,,,,,,,,,,,,,,13.0068150449346,12.2886282579689,12.2886239909322,12.3451655739355,12.7045385186887,12.7422602996005,,,
Early-demographic dividend,EAR,Terrestrial and marine protected areas (% of total territorial area),ER.PTD.TOTL.ZS,,,,,,,,,,,,,,,,,,,,,,,,,,,,,,,,,,,,,,,,,,,,,,,,,,,,,,,,,9.57606400629348,10.41792451626,10.4179794843171,10.6174965889723,10.5707578751277,10.8655232855455,,,
East Asia & Pacific,EAS,Terrestrial and marine protected areas (% of total territorial area),ER.PTD.TOTL.ZS,,,,,,,,,,,,,,,,,,,,,,,,,,,,,,,,,,,,,,,,,,,,,,,,,,,,,,,,,17.8971734664326,17.8959726236091,17.8959662322081,17.9398494979906,18.390849490798,19.0328677836579,,,
Europe & Central Asia (excluding high income),ECA,Terrestrial and marine protected areas (% of total territorial area),ER.PTD.TOTL.ZS,,,,,,,,,,,,,,,,,,,,,,,,,,,,,,,,,,,,,,,,,,,,,,,,,,,,,,,,,6.7563093196639,6.76706323728239,6.76706323728239,6.79904954956724,7.85845652931586,9.01478548720745,,,
Europe & Central Asia,ECS,Terrestrial and marine protected areas (% of total territorial area),ER.PTD.TOTL.ZS,,,,,,,,,,,,,,,,,,,,,,,,,,,,,,,,,,,,,,,,,,,,,,,,,,,,,,,,,9.13488335383661,9.43191533431865,9.43193018519145,9.53217262866347,10.5174544724712,11.6622679728311,,,
Ecuador,ECU,Terrestrial and marine protected areas (% of total territorial area),ER.PTD.TOTL.ZS,,,,,,,,,,,,,,,,,,,,,,,,,,,,,,,,,,,,,,,,,,,,,,,,,,,,,,,,,14.3964327518509,14.955139706334,14.955139706334,14.954923775647,15.083921772402,15.2502466986332,19.9727764004915,,
"Egypt, Arab Rep.",EGY,Terrestrial and marine protected areas (% of total territorial area),ER.PTD.TOTL.ZS,,,,,,,,,,,,,,,,,,,,,,,,,,,,,,,,,,,,,,,,,,,,,,,,,,,,,,,,,11.551153494537,11.5507970192091,11.5507970192091,11.5507964884314,11.5507964884314,11.5507964884314,11.5507964884314,,
Euro area,EMU,Terrestrial and marine protected areas (% of total territorial area),ER.PTD.TOTL.ZS,,,,,,,,,,,,,,,,,,,,,,,,,,,,,,,,,,,,,,,,,,,,,,,,,,,,,,,,,20.6639249995619,22.4940348048085,22.4939753954825,23.2955622213407,23.5073142284909,23.5252287504734,,,
Eritrea,ERI,Terrestrial and marine protected areas (% of total territorial area),ER.PTD.TOTL.ZS,,,,,,,,,,,,,,,,,,,,,,,,,,,,,,,,,,,,,,,,,,,,,,,,,,,,,,,,,4.8721871655296,2.95834092932792,2.95834092932792,2.95833477608828,2.95833477608828,,0,,
Spain,ESP,Terrestrial and marine protected areas (% of total territorial area),ER.PTD.TOTL.ZS,,,,,,,,,,,,,,,,,,,,,,,,,,,,,,,,,,,,,,,,,,,,,,,,,,,,,,,,,15.1956326397025,14.9740098076054,14.9740098076054,17.8541241161734,17.9073483813693,17.908009701986,17.9239115343373,,
Estonia,EST,Terrestrial and marine protected areas (% of total territorial area),ER.PTD.TOTL.ZS,,,,,,,,,,,,,,,,,,,,,,,,,,,,,,,,,,,,,,,,,,,,,,,,,,,,,,,,,19.4868332703463,19.508099047707,19.508099047707,19.713708796991,20.1294496003858,20.1954519538758,20.2401796395381,,
Ethiopia,ETH,Terrestrial and marine protected areas (% of total territorial area),ER.PTD.TOTL.ZS,,,,,,,,,,,,,,,,,,,,,,,,,,,,,,,,,,,,,,,,,,,,,,,,,,,,,,,,,18.4749520269516,18.4749603066502,18.4749603066502,17.6209992258725,16.0640813150391,17.0096385584762,17.0096385584762,,
European Union,EUU,Terrestrial and marine protected areas (% of total territorial area),ER.PTD.TOTL.ZS,,,,,,,,,,,,,,,,,,,,,,,,,,,,,,,,,,,,,,,,,,,,,,,,,,,,,,,,,21.3692572840411,22.9290239532719,22.9290184167227,23.5296293783051,23.6791403703789,23.7081772275994,,,
Fragile and conflict affected situations,FCS,Terrestrial and marine protected areas (% of total territorial area),ER.PTD.TOTL.ZS,,,,,,,,,,,,,,,,,,,,,,,,,,,,,,,,,,,,,,,,,,,,,,,,,,,,,,,,,11.165235099603,11.6305509056539,11.6305476823072,11.5708029164044,11.5300042263843,11.8707646454047,,,
Finland,FIN,Terrestrial and marine protected areas (% of total territorial area),ER.PTD.TOTL.ZS,,,,,,,,,,,,,,,,,,,,,,,,,,,,,,,,,,,,,,,,,,,,,,,,,,,,,,,,,14.2109185358442,14.1603139347862,14.1603139347862,13.0555185005229,13.0489100131637,13.0750489871539,13.1312368580998,,
Fiji,FJI,Terrestrial and marine protected areas (% of total territorial area),ER.PTD.TOTL.ZS,,,,,,,,,,,,,,,,,,,,,,,,,,,,,,,,,,,,,,,,,,,,,,,,,,,,,,,,,0.989795911368608,0.990369350346329,0.990369350346329,0.990369561984992,0.990369541408698,0.990369540646613,0.990369540646613,,
France,FRA,Terrestrial and marine protected areas (% of total territorial area),ER.PTD.TOTL.ZS,,,,,,,,,,,,,,,,,,,,,,,,,,,,,,,,,,,,,,,,,,,,,,,,,,,,,,,,,26.0807183526812,33.2074996806332,33.2074996806332,35.0387361906798,36.1682908184624,36.3933676166271,36.6481015757199,,
Faroe Islands,FRO,Terrestrial and marine protected areas (% of total territorial area),ER.PTD.TOTL.ZS,,,,,,,,,,,,,,,,,,,,,,,,,,,,,,,,,,,,,,,,,,,,,,,,,,,,,,,,,0.0234924730862025,0.0233716786944293,0.0233716786944293,0.0233716407259393,0.0233716407259393,0.0233716409049295,0.0233716409049295,,
"Micronesia, Fed. Sts.",FSM,Terrestrial and marine protected areas (% of total territorial area),ER.PTD.TOTL.ZS,,,,,,,,,,,,,,,,,,,,,,,,,,,,,,,,,,,,,,,,,,,,,,,,,,,,,,,,,0.0187205363154838,0.0157814365656374,0.0157814365656374,0.0157814366656381,0.0157814366656381,0.0157814366690901,0.0157814366690901,,
Gabon,GAB,Terrestrial and marine protected areas (% of total territorial area),ER.PTD.TOTL.ZS,,,,,,,,,,,,,,,,,,,,,,,,,,,,,,,,,,,,,,,,,,,,,,,,,,,,,,,,,12.0754505026703,25.1293640958956,25.1293640958956,25.1293504740264,25.1293504740264,25.1293504740264,25.1293504740264,,
United Kingdom,GBR,Terrestrial and marine protected areas (% of total territorial area),ER.PTD.TOTL.ZS,,,,,,,,,,,,,,,,,,,,,,,,,,,,,,,,,,,,,,,,,,,,,,,,,,,,,,,,,22.2620645199521,28.8252338951318,28.8252338951318,29.0475662393434,40.2872308481291,40.2872308481291,39.9333390850154,,
Georgia,GEO,Terrestrial and marine protected areas (% of total territorial area),ER.PTD.TOTL.ZS,,,,,,,,,,,,,,,,,,,,,,,,,,,,,,,,,,,,,,,,,,,,,,,,,,,,,,,,,6.44104820465337,6.44294931342771,6.44294931342771,7.16393215723417,7.16393215723417,7.1639321571265,8.53576812137833,,
Ghana,GHA,Terrestrial and marine protected areas (% of total territorial area),ER.PTD.TOTL.ZS,,,,,,,,,,,,,,,,,,,,,,,,,,,,,,,,,,,,,,,,,,,,,,,,,,,,,,,,,7.79423860912041,7.79471942096576,7.79471942096576,7.78745727738226,7.684619022056,7.68461902209882,7.68461902209882,,
Gibraltar,GIB,Terrestrial and marine protected areas (% of total territorial area),ER.PTD.TOTL.ZS,,,,,,,,,,,,,,,,,,,,,,,,,,,,,,,,,,,,,,,,,,,,,,,,,,,,,,,,,13.1275909719024,13.1593352299108,13.1593352299108,13.1670343918033,0.0807366207150379,0.0807365564632589,0,,
Guinea,GIN,Terrestrial and marine protected areas (% of total territorial area),ER.PTD.TOTL.ZS,,,,,,,,,,,,,,,,,,,,,,,,,,,,,,,,,,,,,,,,,,,,,,,,,,,,,,,,,21.3673260076547,24.7992849458716,24.7992849458716,24.7992653104487,24.9238970619479,26.1257586943211,26.1257586943211,,
"Gambia, The",GMB,Terrestrial and marine protected areas (% of total territorial area),ER.PTD.TOTL.ZS,,,,,,,,,,,,,,,,,,,,,,,,,,,,,,,,,,,,,,,,,,,,,,,,,,,,,,,,,1.36702543622438,1.36615407157188,1.36615407157188,1.36617311171819,2.888373660293,2.88837365820367,2.88837365820367,,
Guinea-Bissau,GNB,Terrestrial and marine protected areas (% of total territorial area),ER.PTD.TOTL.ZS,,,,,,,,,,,,,,,,,,,,,,,,,,,,,,,,,,,,,,,,,,,,,,,,,,,,,,,,,11.6202197089003,11.6199334552951,11.6199334552951,11.6199641739367,13.1850772760345,13.1850772760345,13.3744316602384,,
Equatorial Guinea,GNQ,Terrestrial and marine protected areas (% of total territorial area),ER.PTD.TOTL.ZS,,,,,,,,,,,,,,,,,,,,,,,,,,,,,,,,,,,,,,,,,,,,,,,,,,,,,,,,,1.76532601049951,1.76531204067703,1.76531204067703,1.76530985155911,1.76530985155911,1.76530985161837,1.76530985161837,,
Greece,GRC,Terrestrial and marine protected areas (% of total territorial area),ER.PTD.TOTL.ZS,,,,,,,,,,,,,,,,,,,,,,,,,,,,,,,,,,,,,,,,,,,,,,,,,,,,,,,,,8.56334528515359,11.0283505287585,11.0283505287585,11.0283425069866,11.0283414195877,11.0283473269382,11.0283414195877,,
Grenada,GRD,Terrestrial and marine protected areas (% of total territorial area),ER.PTD.TOTL.ZS,,,,,,,,,,,,,,,,,,,,,,,,,,,,,,,,,,,,,,,,,,,,,,,,,,,,,,,,,0.172574854343071,0.222068705409949,0.222068705409949,0.222072743161074,0.230334125000991,0.230334127101904,0.230334127101904,,
Greenland,GRL,Terrestrial and marine protected areas (% of total territorial area),ER.PTD.TOTL.ZS,,,,,,,,,,,,,,,,,,,,,,,,,,,,,,,,,,,,,,,,,,,,,,,,,,,,,,,,,22.3599788850636,22.3782828633614,22.3782828633614,22.3600065585488,22.3556135694962,22.5878957611544,22.3556136057078,,
Guatemala,GTM,Terrestrial and marine protected areas (% of total territorial area),ER.PTD.TOTL.ZS,,,,,,,,,,,,,,,,,,,,,,,,,,,,,,,,,,,,,,,,,,,,,,,,,,,,,,,,,15.7067397650122,10.121112637184,10.121112637184,10.1217797671802,10.1066645021865,10.1066645021426,10.1066645021426,,
Guam,GUM,Terrestrial and marine protected areas (% of total territorial area),ER.PTD.TOTL.ZS,,,,,,,,,,,,,,,,,,,,,,,,,,,,,,,,,,,,,,,,,,,,,,,,,,,,,,,,,0.0694251938612372,0.071134098908744,0.071134098908744,0.0711340795628722,0.0255943672763786,0.032084829131214,0.032084829131214,,
Guyana,GUY,Terrestrial and marine protected areas (% of total territorial area),ER.PTD.TOTL.ZS,,,,,,,,,,,,,,,,,,,,,,,,,,,,,,,,,,,,,,,,,,,,,,,,,,,,,,,,,5.30607683828947,5.30607734786502,5.30607734786502,5.16456814461648,5.16456814461648,5.16456814462223,5.16456814462223,,
High income,HIC,Terrestrial and marine protected areas (% of total territorial area),ER.PTD.TOTL.ZS,,,,,,,,,,,,,,,,,,,,,,,,,,,,,,,,,,,,,,,,,,,,,,,,,,,,,,,,,18.1474423453285,18.9945330081916,18.9945244068781,19.6234372868078,19.7049615425734,17.5171548270085,,,
"Hong Kong SAR, China",HKG,Terrestrial and marine protected areas (% of total territorial area),ER.PTD.TOTL.ZS,,,,,,,,,,,,,,,,,,,,,,,,,,,,,,,,,,,,,,,,,,,,,,,,,,,,,,,,,41.9047619047619,48.9255047485728,48.9255047485728,48.9255047627468,48.9255047627468,48.9255047527693,48.9255047527693,,
Honduras,HND,Terrestrial and marine protected areas (% of total territorial area),ER.PTD.TOTL.ZS,,,,,,,,,,,,,,,,,,,,,,,,,,,,,,,,,,,,,,,,,,,,,,,,,,,,,,,,,12.4289336910491,10.8637009278591,10.8637009278591,10.8636952746774,10.9936151769151,10.9936151769151,10.9936151769151,,
Heavily indebted poor countries (HIPC),HPC,Terrestrial and marine protected areas (% of total territorial area),ER.PTD.TOTL.ZS,,,,,,,,,,,,,,,,,,,,,,,,,,,,,,,,,,,,,,,,,,,,,,,,,,,,,,,,,14.3371828231932,14.9657848150208,14.9657803703823,15.0632620856077,14.7956694290226,14.9557169888468,,,
Croatia,HRV,Terrestrial and marine protected areas (% of total territorial area),ER.PTD.TOTL.ZS,,,,,,,,,,,,,,,,,,,,,,,,,,,,,,,,,,,,,,,,,,,,,,,,,,,,,,,,,23.5064099082696,23.5817265852557,23.5817265852557,23.5841546000944,23.8588362898636,23.8566803569306,23.9317678381955,,
Haiti,HTI,Terrestrial and marine protected areas (% of total territorial area),ER.PTD.TOTL.ZS,,,,,,,,,,,,,,,,,,,,,,,,,,,,,,,,,,,,,,,,,,,,,,,,,,,,,,,,,0.270169622711773,0.353092294045252,0.353092294045252,2.49060300238028,2.49060300238028,2.76607525267894,2.76607525267894,,
Hungary,HUN,Terrestrial and marine protected areas (% of total territorial area),ER.PTD.TOTL.ZS,,,,,,,,,,,,,,,,,,,,,,,,,,,,,,,,,,,,,,,,,,,,,,,,,,,,,,,,,22.6019271546287,22.5975581595624,22.5975581595624,22.5987840008376,22.5973729471338,22.6009573063341,22.6009046343251,,
IBRD only,IBD,Terrestrial and marine protected areas (% of total territorial area),ER.PTD.TOTL.ZS,,,,,,,,,,,,,,,,,,,,,,,,,,,,,,,,,,,,,,,,,,,,,,,,,,,,,,,,,11.3029746458225,12.6710705693727,12.6710733756852,12.9226284788025,13.2550082883635,13.6881054533209,,,
IDA & IBRD total,IBT,Terrestrial and marine protected areas (% of total territorial area),ER.PTD.TOTL.ZS,,,,,,,,,,,,,,,,,,,,,,,,,,,,,,,,,,,,,,,,,,,,,,,,,,,,,,,,,11.597756605875,12.7255957617677,12.7256282734152,12.9267923727886,13.1708570817955,13.5217226166722,,,
IDA total,IDA,Terrestrial and marine protected areas (% of total territorial area),ER.PTD.TOTL.ZS,,,,,,,,,,,,,,,,,,,,,,,,,,,,,,,,,,,,,,,,,,,,,,,,,,,,,,,,,12.4360193695205,12.8846065487465,12.8847281922434,12.9389519733057,12.9312404915943,13.0456958080486,,,
IDA blend,IDB,Terrestrial and marine protected areas (% of total territorial area),ER.PTD.TOTL.ZS,,,,,,,,,,,,,,,,,,,,,,,,,,,,,,,,,,,,,,,,,,,,,,,,,,,,,,,,,12.2571507372562,12.2647625219724,12.2647625219724,12.3315715344387,12.3073410484398,12.3099378621189,,,
Indonesia,IDN,Terrestrial and marine protected areas (% of total territorial area),ER.PTD.TOTL.ZS,,,,,,,,,,,,,,,,,,,,,,,,,,,,,,,,,,,,,,,,,,,,,,,,,,,,,,,,,5.06335901930066,5.26823344567267,5.26823344567267,5.26823969424399,5.26844355421237,5.26844355421237,5.26844355421237,,
IDA only,IDX,Terrestrial and marine protected areas (% of total territorial area),ER.PTD.TOTL.ZS,,,,,,,,,,,,,,,,,,,,,,,,,,,,,,,,,,,,,,,,,,,,,,,,,,,,,,,,,12.4736792155597,13.0191601069487,13.0193108089515,13.0708026250888,13.0625999136707,13.2015012990652,,,
Isle of Man,IMN,Terrestrial and marine protected areas (% of total territorial area),ER.PTD.TOTL.ZS,,,,,,,,,,,,,,,,,,,,,,,,,,,,,,,,,,,,,,,,,,,,,,,,,,,,,,,,,4.29405702507729,4.22910719476977,4.22910719476977,77.4911840508995,77.4911792417753,77.4911793362403,77.4911793362403,,
India,IND,Terrestrial and marine protected areas (% of total territorial area),ER.PTD.TOTL.ZS,,,,,,,,,,,,,,,,,,,,,,,,,,,,,,,,,,,,,,,,,,,,,,,,,,,,,,,,,3.47930598498439,3.47930689489956,3.47930689489956,3.4793065712489,3.4793065712489,4.39560904389773,4.39560904389773,,
Not classified,INX,Terrestrial and marine protected areas (% of total territorial area),ER.PTD.TOTL.ZS,,,,,,,,,,,,,,,,,,,,,,,,,,,,,,,,,,,,,,,,,,,,,,,,,,,,,,,,,,,,,,,,,
Ireland,IRL,Terrestrial and marine protected areas (% of total territorial area),ER.PTD.TOTL.ZS,,,,,,,,,,,,,,,,,,,,,,,,,,,,,,,,,,,,,,,,,,,,,,,,,,,,,,,,,4.04293371670989,4.04223100626643,4.04223100626643,4.0418745023801,4.0411469032234,4.04114690523721,4.04113649784499,,
"Iran, Islamic Rep.",IRN,Terrestrial and marine protected areas (% of total territorial area),ER.PTD.TOTL.ZS,,,,,,,,,,,,,,,,,,,,,,,,,,,,,,,,,,,,,,,,,,,,,,,,,,,,,,,,,7.66655342395126,7.6665206734854,7.6665206734854,7.66652224044465,7.66652224044465,7.66652224044465,7.66652224044465,,
Iraq,IRQ,Terrestrial and marine protected areas (% of total territorial area),ER.PTD.TOTL.ZS,,,,,,,,,,,,,,,,,,,,,,,,,,,,,,,,,,,,,,,,,,,,,,,,,,,,,,,,,1.54077890873295,1.53132758698647,1.53132758698647,1.53132817932326,1.53132817932326,1.53132817932326,1.53132817932326,,
Iceland,ISL,Terrestrial and marine protected areas (% of total territorial area),ER.PTD.TOTL.ZS,,,,,,,,,,,,,,,,,,,,,,,,,,,,,,,,,,,,,,,,,,,,,,,,,,,,,,,,,2.42174669591443,2.50646684968118,2.50646684968118,2.6683059437106,2.75101596846239,2.80262689165403,2.86274817818378,,
Israel,ISR,Terrestrial and marine protected areas (% of total territorial area),ER.PTD.TOTL.ZS,,,,,,,,,,,,,,,,,,,,,,,,,,,,,,,,,,,,,,,,,,,,,,,,,,,,,,,,,8.58173027677053,8.58271221861595,8.58271221861595,8.58270513686895,10.5390870493276,10.5390870488769,10.5390870488769,,
Italy,ITA,Terrestrial and marine protected areas (% of total territorial area),ER.PTD.TOTL.ZS,,,,,,,,,,,,,,,,,,,,,,,,,,,,,,,,,,,,,,,,,,,,,,,,,,,,,,,,,13.3464442429884,13.3653061047713,13.3653061047713,13.3348722756161,13.9525919902193,13.9522927482132,14.5439513188323,,
Jamaica,JAM,Terrestrial and marine protected areas (% of total territorial area),ER.PTD.TOTL.ZS,,,,,,,,,,,,,,,,,,,,,,,,,,,,,,,,,,,,,,,,,,,,,,,,,,,,,,,,,1.40556650931052,1.40564285524534,1.40564285524534,1.40564013095481,1.40564013095481,1.41664031232182,1.59735643238337,,
Jordan,JOR,Terrestrial and marine protected areas (% of total territorial area),ER.PTD.TOTL.ZS,,,,,,,,,,,,,,,,,,,,,,,,,,,,,,,,,,,,,,,,,,,,,,,,,,,,,,,,,1.76535777731989,1.80598714296253,1.80598714296253,3.12644717738135,4.47071857001256,4.47071856959155,4.4726104092758,,
Japan,JPN,Terrestrial and marine protected areas (% of total territorial area),ER.PTD.TOTL.ZS,,,,,,,,,,,,,,,,,,,,,,,,,,,,,,,,,,,,,,,,,,,,,,,,,,,,,,,,,2.09183621347664,10.0262887092871,10.0262887092871,10.0262880741963,10.0262020412695,15.2354423763212,15.2354423763212,,
Kazakhstan,KAZ,Terrestrial and marine protected areas (% of total territorial area),ER.PTD.TOTL.ZS,,,,,,,,,,,,,,,,,,,,,,,,,,,,,,,,,,,,,,,,,,,,,,,,,,,,,,,,,3.18942507887438,3.21716402649566,3.21716402649566,3.21716404158976,11.7370426759766,11.7370426759766,11.7370426759766,,
Kenya,KEN,Terrestrial and marine protected areas (% of total territorial area),ER.PTD.TOTL.ZS,,,,,,,,,,,,,,,,,,,,,,,,,,,,,,,,,,,,,,,,,,,,,,,,,,,,,,,,,10.5050213796236,10.5050828924669,10.5050828924669,10.5050926872718,10.5478452504169,10.5478452504455,10.3488497461737,,
Kyrgyz Republic,KGZ,Terrestrial and marine protected areas (% of total territorial area),ER.PTD.TOTL.ZS,,,,,,,,,,,,,,,,,,,,,,,,,,,,,,,,,,,,,,,,,,,,,,,,,,,,,,,,,6.51440059612817,6.7026929831278,6.7026929831278,6.70269298307359,6.70567250331886,6.70567250331886,6.70567250331886,,
Cambodia,KHM,Terrestrial and marine protected areas (% of total territorial area),ER.PTD.TOTL.ZS,,,,,,,,,,,,,,,,,,,,,,,,,,,,,,,,,,,,,,,,,,,,,,,,,,,,,,,,,20.6492772839727,20.649495414341,20.649495414341,20.6495087029123,31.7682744961563,31.7682744960261,31.7682744960261,,
Kiribati,KIR,Terrestrial and marine protected areas (% of total territorial area),ER.PTD.TOTL.ZS,,,,,,,,,,,,,,,,,,,,,,,,,,,,,,,,,,,,,,,,,,,,,,,,,,,,,,,,,11.8173045605077,11.8210466833858,11.8210466833858,11.8210452735473,11.8210452735473,11.8183111046451,11.8183111046451,,
St. Kitts and Nevis,KNA,Terrestrial and marine protected areas (% of total territorial area),ER.PTD.TOTL.ZS,,,,,,,,,,,,,,,,,,,,,,,,,,,,,,,,,,,,,,,,,,,,,,,,,,,,,,,,,0.246826850964049,0.250803474209924,0.250803474209924,4.46399140455671,4.46399140455671,4.46399141215136,4.46399141215136,,
"Korea, Rep.",KOR,Terrestrial and marine protected areas (% of total territorial area),ER.PTD.TOTL.ZS,,,,,,,,,,,,,,,,,,,,,,,,,,,,,,,,,,,,,,,,,,,,,,,,,,,,,,,,,3.88526952835922,3.99024573773508,3.99024573773508,5.54605195130945,5.809074998156,5.86193513145444,5.86193513145444,,
Kuwait,KWT,Terrestrial and marine protected areas (% of total territorial area),ER.PTD.TOTL.ZS,,,,,,,,,,,,,,,,,,,,,,,,,,,,,,,,,,,,,,,,,,,,,,,,,,,,,,,,,10.9982704332786,10.9989577458097,10.9989577458097,10.7165091121995,10.7165091121995,10.7165091104939,10.7165091141497,,
Latin America & Caribbean (excluding high income),LAC,Terrestrial and marine protected areas (% of total territorial area),ER.PTD.TOTL.ZS,,,,,,,,,,,,,,,,,,,,,,,,,,,,,,,,,,,,,,,,,,,,,,,,,,,,,,,,,15.7303692373613,21.2448179809832,21.2448176766834,21.5338331799223,21.8913247770503,21.9298462119502,,,
Lao PDR,LAO,Terrestrial and marine protected areas (% of total territorial area),ER.PTD.TOTL.ZS,,,,,,,,,,,,,,,,,,,,,,,,,,,,,,,,,,,,,,,,,,,,,,,,,,,,,,,,,16.6822252710073,16.6822056274146,16.6822056274146,16.6822056164904,18.6875605839355,18.6875605839355,18.6875605839355,,
Lebanon,LBN,Terrestrial and marine protected areas (% of total territorial area),ER.PTD.TOTL.ZS,,,,,,,,,,,,,,,,,,,,,,,,,,,,,,,,,,,,,,,,,,,,,,,,,,,,,,,,,1.04234132124352,1.04272663197996,1.04272663197996,1.0427322239099,1.0427322239099,0.805384038055641,0.805384038055641,,
Liberia,LBR,Terrestrial and marine protected areas (% of total territorial area),ER.PTD.TOTL.ZS,,,,,,,,,,,,,,,,,,,,,,,,,,,,,,,,,,,,,,,,,,,,,,,,,,,,,,,,,0.773224088935579,1.21108630778072,1.21108630778072,1.21108742959339,1.211495851313,1.21156129347978,1.21156129347978,,
Libya,LBY,Terrestrial and marine protected areas (% of total territorial area),ER.PTD.TOTL.ZS,,,,,,,,,,,,,,,,,,,,,,,,,,,,,,,,,,,,,,,,,,,,,,,,,,,,,,,,,0.288612427087619,0.28857344034883,0.28857344034883,0.288573394451773,0.219745071228895,0.219745071228895,0.219745071228895,,
St. Lucia,LCA,Terrestrial and marine protected areas (% of total territorial area),ER.PTD.TOTL.ZS,,,,,,,,,,,,,,,,,,,,,,,,,,,,,,,,,,,,,,,,,,,,,,,,,,,,,,,,,0.93310098500859,0.931020062296175,0.931020062296175,0.931002346174182,0.931002346174182,0.931002347780844,0.931002347780844,,
Latin America & Caribbean,LCN,Terrestrial and marine protected areas (% of total territorial area),ER.PTD.TOTL.ZS,,,,,,,,,,,,,,,,,,,,,,,,,,,,,,,,,,,,,,,,,,,,,,,,,,,,,,,,,16.3108412499987,21.7431481408484,21.7431478444305,22.3878821922886,22.8463960105081,22.9261678253818,,,
Least developed countries: UN classification,LDC,Terrestrial and marine protected areas (% of total territorial area),ER.PTD.TOTL.ZS,,,,,,,,,,,,,,,,,,,,,,,,,,,,,,,,,,,,,,,,,,,,,,,,,,,,,,,,,12.2265896812716,12.7808467552595,12.7809954110835,12.8356307235995,12.8688975343016,13.0091169115352,,,
Low income,LIC,Terrestrial and marine protected areas (% of total territorial area),ER.PTD.TOTL.ZS,,,,,,,,,,,,,,,,,,,,,,,,,,,,,,,,,,,,,,,,,,,,,,,,,,,,,,,,,10.7468394320038,11.4178266980008,11.4178222831877,11.3491377433471,11.2764990342537,11.4256171691398,,,
Liechtenstein,LIE,Terrestrial and marine protected areas (% of total territorial area),ER.PTD.TOTL.ZS,,,,,,,,,,,,,,,,,,,,,,,,,,,,,,,,,,,,,,,,,,,,,,,,,,,,,,,,,42.4895272292041,11.9351041815516,11.9351041815516,42.1869665322791,42.6322757825489,42.6322758723347,42.6322758783204,,
Sri Lanka,LKA,Terrestrial and marine protected areas (% of total territorial area),ER.PTD.TOTL.ZS,,,,,,,,,,,,,,,,,,,,,,,,,,,,,,,,,,,,,,,,,,,,,,,,,,,,,,,,,3.37879848480939,3.37864252327298,3.37864252327298,3.37864224354659,3.37864224354659,3.37864224349665,3.37864224349665,,
Lower middle income,LMC,Terrestrial and marine protected areas (% of total territorial area),ER.PTD.TOTL.ZS,,,,,,,,,,,,,,,,,,,,,,,,,,,,,,,,,,,,,,,,,,,,,,,,,,,,,,,,,11.727476032017,11.7654420923036,11.7655456158107,11.8661944865261,11.5451883681178,11.8686732619065,,,
Low & middle income,LMY,Terrestrial and marine protected areas (% of total territorial area),ER.PTD.TOTL.ZS,,,,,,,,,,,,,,,,,,,,,,,,,,,,,,,,,,,,,,,,,,,,,,,,,,,,,,,,,11.2360289045549,12.2805146949778,12.2805433250732,12.4027637209602,12.6273585715975,12.9771694178026,,,
Lesotho,LSO,Terrestrial and marine protected areas (% of total territorial area),ER.PTD.TOTL.ZS,,,,,,,,,,,,,,,,,,,,,,,,,,,,,,,,,,,,,,,,,,,,,,,,,,,,,,,,,0.259058862108542,0.261388681242792,0.261388681242792,0.261388681044482,0.503159348571331,0.503159347915486,0.503159347915486,,
Late-demographic dividend,LTE,Terrestrial and marine protected areas (% of total territorial area),ER.PTD.TOTL.ZS,,,,,,,,,,,,,,,,,,,,,,,,,,,,,,,,,,,,,,,,,,,,,,,,,,,,,,,,,12.3835854260946,13.9791563902781,13.9791701226793,14.1932947633257,14.7826596625441,15.1524871653426,,,
Lithuania,LTU,Terrestrial and marine protected areas (% of total territorial area),ER.PTD.TOTL.ZS,,,,,,,,,,,,,,,,,,,,,,,,,,,,,,,,,,,,,,,,,,,,,,,,,,,,,,,,,17.33919590185,17.7642086947157,17.7642086947157,17.7738441062069,17.7844888535105,17.7848347056653,17.8125153981401,,
Luxembourg,LUX,Terrestrial and marine protected areas (% of total territorial area),ER.PTD.TOTL.ZS,,,,,,,,,,,,,,,,,,,,,,,,,,,,,,,,,,,,,,,,,,,,,,,,,,,,,,,,,32.2692174714763,40.8727413785501,40.8727413785501,51.1827218132105,51.2104210993585,51.3411121272282,55.8024476992907,,
Latvia,LVA,Terrestrial and marine protected areas (% of total territorial area),ER.PTD.TOTL.ZS,,,,,,,,,,,,,,,,,,,,,,,,,,,,,,,,,,,,,,,,,,,,,,,,,,,,,,,,,17.5098922163384,17.5110476673142,17.5110476673142,17.5161953713112,17.5263004980701,17.527004972721,17.5203376660668,,
"Macao SAR, China",MAC,Terrestrial and marine protected areas (% of total territorial area),ER.PTD.TOTL.ZS,,,,,,,,,,,,,,,,,,,,,,,,,,,,,,,,,,,,,,,,,,,,,,,,,,,,,,,,,,,,,,,,,
St. Martin (French part),MAF,Terrestrial and marine protected areas (% of total territorial area),ER.PTD.TOTL.ZS,,,,,,,,,,,,,,,,,,,,,,,,,,,,,,,,,,,,,,,,,,,,,,,,,,,,,,,,,92.3513250022157,91.9870071870023,91.9870071870023,92.0080209956771,92.0079659581122,92.007954608675,92.0079554622448,,
Morocco,MAR,Terrestrial and marine protected areas (% of total territorial area),ER.PTD.TOTL.ZS,,,,,,,,,,,,,,,,,,,,,,,,,,,,,,,,,,,,,,,,,,,,,,,,,,,,,,,,,18.5463660614773,18.446888209998,18.446888209998,18.4468772176732,2.82208758511061,1.58449768865645,1.58449768865645,,
Monaco,MCO,Terrestrial and marine protected areas (% of total territorial area),ER.PTD.TOTL.ZS,,,,,,,,,,,,,,,,,,,,,,,,,,,,,,,,,,,,,,,,,,,,,,,,,,,,,,,,,99.7200839748076,99.459571201349,99.459571201349,99.3829068139005,99.3829068139005,99.2134221126787,99.2134221126787,,
Moldova,MDA,Terrestrial and marine protected areas (% of total territorial area),ER.PTD.TOTL.ZS,,,,,,,,,,,,,,,,,,,,,,,,,,,,,,,,,,,,,,,,,,,,,,,,,,,,,,,,,4.15147892756405,4.1505345485515,4.1505345485515,4.15053454969766,4.15053454969766,11.4305803979526,11.4305803979526,,
Madagascar,MDG,Terrestrial and marine protected areas (% of total territorial area),ER.PTD.TOTL.ZS,,,,,,,,,,,,,,,,,,,,,,,,,,,,,,,,,,,,,,,,,,,,,,,,,,,,,,,,,1.97284875372353,2.34594786584438,2.34594786584438,2.34594806267579,3.0845716307135,3.0845716307135,3.0845716307135,,
Maldives,MDV,Terrestrial and marine protected areas (% of total territorial area),ER.PTD.TOTL.ZS,,,,,,,,,,,,,,,,,,,,,,,,,,,,,,,,,,,,,,,,,,,,,,,,,,,,,,,,,0.0490018209813872,0.0518873782696889,0.0518873782696889,0.0518873787521741,0.0683315876301994,0.0683315875771864,0.0683315875771864,,
Middle East & North Africa,MEA,Terrestrial and marine protected areas (% of total territorial area),ER.PTD.TOTL.ZS,,,,,,,,,,,,,,,,,,,,,,,,,,,,,,,,,,,,,,,,,,,,,,,,,,,,,,,,,5.5481590257174,5.69039845136893,5.69039845136894,5.70175049890571,4.53544349089834,4.50026271946525,,,
Mexico,MEX,Terrestrial and marine protected areas (% of total territorial area),ER.PTD.TOTL.ZS,,,,,,,,,,,,,,,,,,,,,,,,,,,,,,,,,,,,,,,,,,,,,,,,,,,,,,,,,6.75214757032193,19.0562399200344,19.0562399200344,18.9098509837237,18.9098489513212,18.9098489513212,18.9510303085875,,
Marshall Islands,MHL,Terrestrial and marine protected areas (% of total territorial area),ER.PTD.TOTL.ZS,,,,,,,,,,,,,,,,,,,,,,,,,,,,,,,,,,,,,,,,,,,,,,,,,,,,,,,,,0.270441582922218,0.270441119827786,0.270441119827786,0.270441084213406,0.270441084213406,0.270441084218892,0.270441084218892,,
Middle income,MIC,Terrestrial and marine protected areas (% of total territorial area),ER.PTD.TOTL.ZS,,,,,,,,,,,,,,,,,,,,,,,,,,,,,,,,,,,,,,,,,,,,,,,,,,,,,,,,,11.3268251683622,12.433834022582,12.4338694516493,12.5897780543084,12.8777676980947,13.2624526634188,,,
North Macedonia,MKD,Terrestrial and marine protected areas (% of total territorial area),ER.PTD.TOTL.ZS,,,,,,,,,,,,,,,,,,,,,,,,,,,,,,,,,,,,,,,,,,,,,,,,,,,,,,,,,9.65291179140907,9.65406515792626,9.65406515792626,10.5606509762722,8.95736238900951,12.4836462435188,15.3937555751986,,
Mali,MLI,Terrestrial and marine protected areas (% of total territorial area),ER.PTD.TOTL.ZS,,,,,,,,,,,,,,,,,,,,,,,,,,,,,,,,,,,,,,,,,,,,,,,,,,,,,,,,,8.2315834186173,8.2316100550726,8.2316100550726,8.2316100559858,7.52704976821247,7.52704976821247,7.52704976821247,,
Malta,MLT,Terrestrial and marine protected areas (% of total territorial area),ER.PTD.TOTL.ZS,,,,,,,,,,,,,,,,,,,,,,,,,,,,,,,,,,,,,,,,,,,,,,,,,,,,,,,,,6.36539055401746,6.40936429280157,6.40936429280157,7.57662337392488,7.57946202233718,7.57932981341154,7.57946523097307,,
Myanmar,MMR,Terrestrial and marine protected areas (% of total territorial area),ER.PTD.TOTL.ZS,,,,,,,,,,,,,,,,,,,,,,,,,,,,,,,,,,,,,,,,,,,,,,,,,,,,,,,,,4.08911261867793,4.61941895301145,4.61941895301145,3.80749409533693,3.93739447059454,3.93739447059454,3.93739447059454,,
Middle East & North Africa (excluding high income),MNA,Terrestrial and marine protected areas (% of total territorial area),ER.PTD.TOTL.ZS,,,,,,,,,,,,,,,,,,,,,,,,,,,,,,,,,,,,,,,,,,,,,,,,,,,,,,,,,6.02388459952074,6.01846418474589,6.01846418474589,6.03350059538069,4.50398032281679,4.44072265524631,,,
Montenegro,MNE,Terrestrial and marine protected areas (% of total territorial area),ER.PTD.TOTL.ZS,,,,,,,,,,,,,,,,,,,,,,,,,,,,,,,,,,,,,,,,,,,,,,,,,,,,,,,,,2.63765558413277,4.16037736573469,4.16037736573469,6.90426964970888,8.98244708873729,8.98244696828748,9.20551041023177,,
Mongolia,MNG,Terrestrial and marine protected areas (% of total territorial area),ER.PTD.TOTL.ZS,,,,,,,,,,,,,,,,,,,,,,,,,,,,,,,,,,,,,,,,,,,,,,,,,,,,,,,,,17.4032333072051,17.7138825654778,17.7138825654778,17.7138777591754,19.7983601143271,19.7983664686459,19.7983664686459,,
Northern Mariana Islands,MNP,Terrestrial and marine protected areas (% of total territorial area),ER.PTD.TOTL.ZS,,,,,,,,,,,,,,,,,,,,,,,,,,,,,,,,,,,,,,,,,,,,,,,,,,,,,,,,,33.2114779574643,33.234124272071,33.234124272071,33.2341303800182,31.9516766699644,33.1395363158614,33.1395363158614,,
Mozambique,MOZ,Terrestrial and marine protected areas (% of total territorial area),ER.PTD.TOTL.ZS,,,,,,,,,,,,,,,,,,,,,,,,,,,,,,,,,,,,,,,,,,,,,,,,,,,,,,,,,13.4487105924863,13.4487158907383,13.4487158907383,13.4371646552704,17.9843847311161,17.9843847311161,17.9843847324332,,
Mauritania,MRT,Terrestrial and marine protected areas (% of total territorial area),ER.PTD.TOTL.ZS,,,,,,,,,,,,,,,,,,,,,,,,,,,,,,,,,,,,,,,,,,,,,,,,,,,,,,,,,1.08074808124804,1.08070301487219,1.08070301487219,1.08070314491607,1.08070314491607,1.08070314491607,1.08070314491607,,
Mauritius,MUS,Terrestrial and marine protected areas (% of total territorial area),ER.PTD.TOTL.ZS,,,,,,,,,,,,,,,,,,,,,,,,,,,,,,,,,,,,,,,,,,,,,,,,,,,,,,,,,0.0115432840393507,0.0114734196747547,0.0114734196747547,0.011473416840307,0.011473416840307,0.0114734168364072,0.0114734168364072,,
Malawi,MWI,Terrestrial and marine protected areas (% of total territorial area),ER.PTD.TOTL.ZS,,,,,,,,,,,,,,,,,,,,,,,,,,,,,,,,,,,,,,,,,,,,,,,,,,,,,,,,,16.8938673074221,22.8760477102777,22.8760477102777,22.876047912822,22.876047912822,22.876047912822,22.876047912822,,
Malaysia,MYS,Terrestrial and marine protected areas (% of total territorial area),ER.PTD.TOTL.ZS,,,,,,,,,,,,,,,,,,,,,,,,,,,,,,,,,,,,,,,,,,,,,,,,,,,,,,,,,8.91348575727549,8.98554474171629,8.98554474171629,8.98544308731585,7.54807340769765,8.84608979586651,8.84608979586651,,
North America,NAC,Terrestrial and marine protected areas (% of total territorial area),ER.PTD.TOTL.ZS,,,,,,,,,,,,,,,,,,,,,,,,,,,,,,,,,,,,,,,,,,,,,,,,,,,,,,,,,16.3738146943718,16.3747839940427,16.3747839940427,17.0557481013579,16.6999114094137,12.7602258380764,,,
Namibia,NAM,Terrestrial and marine protected areas (% of total territorial area),ER.PTD.TOTL.ZS,,,,,,,,,,,,,,,,,,,,,,,,,,,,,,,,,,,,,,,,,,,,,,,,,,,,,,,,,23.2471318730565,23.2471700646525,23.2471700646525,23.2471763532217,23.2471763532217,23.2471763532217,23.2471763532217,,
New Caledonia,NCL,Terrestrial and marine protected areas (% of total territorial area),ER.PTD.TOTL.ZS,,,,,,,,,,,,,,,,,,,,,,,,,,,,,,,,,,,,,,,,,,,,,,,,,,,,,,,,,95.7641579007986,96.0127624537845,96.0127624537845,95.7565590992923,95.7565590992923,95.7565590992923,95.7565590992923,,
Niger,NER,Terrestrial and marine protected areas (% of total territorial area),ER.PTD.TOTL.ZS,,,,,,,,,,,,,,,,,,,,,,,,,,,,,,,,,,,,,,,,,,,,,,,,,,,,,,,,,17.3171351250111,17.3170925189084,17.3170925189084,17.3170925144857,18.1990211559394,18.1990211559394,18.1990211559394,,
Nigeria,NGA,Terrestrial and marine protected areas (% of total territorial area),ER.PTD.TOTL.ZS,,,,,,,,,,,,,,,,,,,,,,,,,,,,,,,,,,,,,,,,,,,,,,,,,,,,,,,,,11.6107349579734,11.6106996068528,11.6106996068528,11.6106976263222,11.6106976263222,11.6082522536748,11.6082522536748,,
Nicaragua,NIC,Terrestrial and marine protected areas (% of total territorial area),ER.PTD.TOTL.ZS,,,,,,,,,,,,,,,,,,,,,,,,,,,,,,,,,,,,,,,,,,,,,,,,,,,,,,,,,15.4797788522118,15.507104242217,15.507104242217,15.5070937500519,9.96216337484655,9.96216337484655,9.96216337484655,,
Netherlands,NLD,Terrestrial and marine protected areas (% of total territorial area),ER.PTD.TOTL.ZS,,,,,,,,,,,,,,,,,,,,,,,,,,,,,,,,,,,,,,,,,,,,,,,,,,,,,,,,,17.8924581483262,21.2099164976154,21.2099164976154,25.3090326090471,25.3109343963498,25.3079470385988,25.3069573160867,,
Norway,NOR,Terrestrial and marine protected areas (% of total territorial area),ER.PTD.TOTL.ZS,,,,,,,,,,,,,,,,,,,,,,,,,,,,,,,,,,,,,,,,,,,,,,,,,,,,,,,,,4.96242625971203,5.06077998767431,5.06077998767431,4.99083648311057,5.71025191660096,15.1385220263242,15.1951994587447,,
Nepal,NPL,Terrestrial and marine protected areas (% of total territorial area),ER.PTD.TOTL.ZS,,,,,,,,,,,,,,,,,,,,,,,,,,,,,,,,,,,,,,,,,,,,,,,,,,,,,,,,,23.6261039405048,23.6260419833246,23.6260419833246,23.6260419815167,23.6260419815167,23.6260419815167,23.6260419815167,,
Nauru,NRU,Terrestrial and marine protected areas (% of total territorial area),ER.PTD.TOTL.ZS,,,,,,,,,,,,,,,,,,,,,,,,,,,,,,,,,,,,,,,,,,,,,,,,,,,,,,,,,,,,,,0,0,,
New Zealand,NZL,Terrestrial and marine protected areas (% of total territorial area),ER.PTD.TOTL.ZS,,,,,,,,,,,,,,,,,,,,,,,,,,,,,,,,,,,,,,,,,,,,,,,,,,,,,,,,,30.4786887810956,30.5050632239854,30.5050632239854,30.5696170073351,30.6047651708977,30.6047651708977,30.6047651708977,,
OECD members,OED,Terrestrial and marine protected areas (% of total territorial area),ER.PTD.TOTL.ZS,,,,,,,,,,,,,,,,,,,,,,,,,,,,,,,,,,,,,,,,,,,,,,,,,,,,,,,,,17.9595632898903,19.5768626335609,19.5768533510239,20.1987804954681,20.3004354828274,18.1067906829009,,,
Oman,OMN,Terrestrial and marine protected areas (% of total territorial area),ER.PTD.TOTL.ZS,,,,,,,,,,,,,,,,,,,,,,,,,,,,,,,,,,,,,,,,,,,,,,,,,,,,,,,,,1.0183041615309,1.01831171985263,1.01831171985263,1.01831149036577,1.01831149036577,1.51770524267221,1.51770524267221,,
Other small states,OSS,Terrestrial and marine protected areas (% of total territorial area),ER.PTD.TOTL.ZS,,,,,,,,,,,,,,,,,,,,,,,,,,,,,,,,,,,,,,,,,,,,,,,,,,,,,,,,,20.7994786590649,22.517072340577,22.5170331974151,22.564672535371,22.7068960898877,22.710853813995,,,
Pakistan,PAK,Terrestrial and marine protected areas (% of total territorial area),ER.PTD.TOTL.ZS,,,,,,,,,,,,,,,,,,,,,,,,,,,,,,,,,,,,,,,,,,,,,,,,,,,,,,,,,9.7949078821214,9.7949542203294,9.7949542203294,9.7949549891578,9.7949549891578,9.7949549891578,9.7949549891578,,
Panama,PAN,Terrestrial and marine protected areas (% of total territorial area),ER.PTD.TOTL.ZS,,,,,,,,,,,,,,,,,,,,,,,,,,,,,,,,,,,,,,,,,,,,,,,,,,,,,,,,,5.23495043629487,5.23498101828947,5.23498101828947,5.23499256461968,15.3379268236869,27.6812733276576,27.6812733080565,,
Peru,PER,Terrestrial and marine protected areas (% of total territorial area),ER.PTD.TOTL.ZS,,,,,,,,,,,,,,,,,,,,,,,,,,,,,,,,,,,,,,,,,,,,,,,,,,,,,,,,,13.1137339130108,13.1411661261544,13.1411661261544,13.2744078813101,13.3362294747104,13.7206598168569,16.807255128297,,
Philippines,PHL,Terrestrial and marine protected areas (% of total territorial area),ER.PTD.TOTL.ZS,,,,,,,,,,,,,,,,,,,,,,,,,,,,,,,,,,,,,,,,,,,,,,,,,,,,,,,,,3.14138638190187,3.14140839390029,3.14140839390029,3.14922432473144,3.14922432473144,3.72208503336371,3.72208503336371,,
Palau,PLW,Terrestrial and marine protected areas (% of total territorial area),ER.PTD.TOTL.ZS,,,,,,,,,,,,,,,,,,,,,,,,,,,,,,,,,,,,,,,,,,,,,,,,,,,,,,,,,82.9399513943563,82.9423566073058,82.9423566073058,99.9574564668421,99.9574564668421,99.9574564668585,99.9574564668585,,
Papua New Guinea,PNG,Terrestrial and marine protected areas (% of total territorial area),ER.PTD.TOTL.ZS,,,,,,,,,,,,,,,,,,,,,,,,,,,,,,,,,,,,,,,,,,,,,,,,,,,,,,,,,0.657996414830911,0.657989653388862,0.657989653388862,0.716264057887505,0.716264057887505,0.716264057887505,0.716264057887505,,
Poland,POL,Terrestrial and marine protected areas (% of total territorial area),ER.PTD.TOTL.ZS,,,,,,,,,,,,,,,,,,,,,,,,,,,,,,,,,,,,,,,,,,,,,,,,,,,,,,,,,38.0371484381702,38.0635379967455,38.0635379967455,38.1427704140399,37.9663014218357,37.9617050515478,37.9898464603864,,
Pre-demographic dividend,PRE,Terrestrial and marine protected areas (% of total territorial area),ER.PTD.TOTL.ZS,,,,,,,,,,,,,,,,,,,,,,,,,,,,,,,,,,,,,,,,,,,,,,,,,,,,,,,,,12.3826701037943,12.9295186498023,12.929515234354,13.0702644764918,12.9977152916137,13.0874988262051,,,
Puerto Rico,PRI,Terrestrial and marine protected areas (% of total territorial area),ER.PTD.TOTL.ZS,,,,,,,,,,,,,,,,,,,,,,,,,,,,,,,,,,,,,,,,,,,,,,,,,,,,,,,,,2.02425214978926,2.01677151753314,2.01677151753314,2.01677085703581,2.07547643764457,2.08849273335451,2.08849273335451,,
"Korea, Dem. People's Rep.",PRK,Terrestrial and marine protected areas (% of total territorial area),ER.PTD.TOTL.ZS,,,,,,,,,,,,,,,,,,,,,,,,,,,,,,,,,,,,,,,,,,,,,,,,,,,,,,,,,1.26053207722418,1.26022344438817,1.26022344438817,1.26022202201514,1.26022202201514,1.26022202196055,1.26022202196055,,
Portugal,PRT,Terrestrial and marine protected areas (% of total territorial area),ER.PTD.TOTL.ZS,,,,,,,,,,,,,,,,,,,,,,,,,,,,,,,,,,,,,,,,,,,,,,,,,,,,,,,,,9.09757449950512,16.8854244048969,16.8854244048969,16.886819376065,17.1274719010128,17.1282540257471,17.2081902511757,,
Paraguay,PRY,Terrestrial and marine protected areas (% of total territorial area),ER.PTD.TOTL.ZS,,,,,,,,,,,,,,,,,,,,,,,,,,,,,,,,,,,,,,,,,,,,,,,,,,,,,,,,,6.5103621832615,14.3147360800329,14.3147360800329,14.3147200277861,14.3147200277861,14.3147200277861,14.3147200277861,,
West Bank and Gaza,PSE,Terrestrial and marine protected areas (% of total territorial area),ER.PTD.TOTL.ZS,,,,,,,,,,,,,,,,,,,,,,,,,,,,,,,,,,,,,,,,,,,,,,,,,,,,,,,,,,,,8.35925185002217,8.35925185002217,8.35925184355176,8.35925184355176,,
Pacific island small states,PSS,Terrestrial and marine protected areas (% of total territorial area),ER.PTD.TOTL.ZS,,,,,,,,,,,,,,,,,,,,,,,,,,,,,,,,,,,,,,,,,,,,,,,,,,,,,,,,,1.12474026939251,1.12553992030716,1.12553992030716,1.22494422494987,1.22862059947966,1.22820943909228,,,
Post-demographic dividend,PST,Terrestrial and marine protected areas (% of total territorial area),ER.PTD.TOTL.ZS,,,,,,,,,,,,,,,,,,,,,,,,,,,,,,,,,,,,,,,,,,,,,,,,,,,,,,,,,18.9914032965829,19.5733185620956,19.5733017108116,20.0522952425832,20.1270268218551,17.7637647656094,,,
French Polynesia,PYF,Terrestrial and marine protected areas (% of total territorial area),ER.PTD.TOTL.ZS,,,,,,,,,,,,,,,,,,,,,,,,,,,,,,,,,,,,,,,,,,,,,,,,,,,,,,,,,0.00585508371915418,0.00585039711480982,0.00585039711480982,0.00585039699664262,0.00585039699664262,0.043744260158462,0.0437442593679215,,
Qatar,QAT,Terrestrial and marine protected areas (% of total territorial area),ER.PTD.TOTL.ZS,,,,,,,,,,,,,,,,,,,,,,,,,,,,,,,,,,,,,,,,,,,,,,,,,,,,,,,,,0.778383955157715,4.72319541989257,4.72319541989257,4.72323313809895,5.84456472364885,5.84456472341856,5.84456472341856,,
Romania,ROU,Terrestrial and marine protected areas (% of total territorial area),ER.PTD.TOTL.ZS,,,,,,,,,,,,,,,,,,,,,,,,,,,,,,,,,,,,,,,,,,,,,,,,,,,,,,,,,22.5799678343345,24.3099366537139,24.3099366537139,24.3619698211544,24.3622621734966,24.3622882028314,24.363064282357,,
Russian Federation,RUS,Terrestrial and marine protected areas (% of total territorial area),ER.PTD.TOTL.ZS,,,,,,,,,,,,,,,,,,,,,,,,,,,,,,,,,,,,,,,,,,,,,,,,,,,,,,,,,7.61117652631545,7.61624908474412,7.61624908474412,7.61624850366171,7.61624850366171,8.57435466162575,8.57435466162575,,
Rwanda,RWA,Terrestrial and marine protected areas (% of total territorial area),ER.PTD.TOTL.ZS,,,,,,,,,,,,,,,,,,,,,,,,,,,,,,,,,,,,,,,,,,,,,,,,,,,,,,,,,9.11516142086508,9.11408907313889,9.11408907313889,9.11408920598863,9.10524749828135,9.10524749828135,9.10524749828135,,
South Asia,SAS,Terrestrial and marine protected areas (% of total territorial area),ER.PTD.TOTL.ZS,,,,,,,,,,,,,,,,,,,,,,,,,,,,,,,,,,,,,,,,,,,,,,,,,,,,,,,,,4.97871497632563,4.97871628286101,4.97868990469891,4.97868714530166,5.44021100793657,6.02676720951408,,,
Saudi Arabia,SAU,Terrestrial and marine protected areas (% of total territorial area),ER.PTD.TOTL.ZS,,,,,,,,,,,,,,,,,,,,,,,,,,,,,,,,,,,,,,,,,,,,,,,,,,,,,,,,,4.04094603755622,4.52837236301312,4.52837236301312,4.52837191846974,4.52837191846974,4.52837191846974,4.52837191846974,,
Sudan,SDN,Terrestrial and marine protected areas (% of total territorial area),ER.PTD.TOTL.ZS,,,,,,,,,,,,,,,,,,,,,,,,,,,,,,,,,,,,,,,,,,,,,,,,,,,,,,,,,2.75330083929237,2.75327389762586,2.75327389762586,2.75327438911994,2.75327438911994,2.75327438911994,2.75327438911994,,
Senegal,SEN,Terrestrial and marine protected areas (% of total territorial area),ER.PTD.TOTL.ZS,,,,,,,,,,,,,,,,,,,,,,,,,,,,,,,,,,,,,,,,,,,,,,,,,,,,,,,,,14.4899514635033,14.5770722670553,14.5770722670553,14.5770557893823,14.5770557893823,15.4830077887576,15.4830077887576,,
Singapore,SGP,Terrestrial and marine protected areas (% of total territorial area),ER.PTD.TOTL.ZS,,,,,,,,,,,,,,,,,,,,,,,,,,,,,,,,,,,,,,,,,,,,,,,,,,,,,,,,,2.48665252687779,2.46306282917716,2.46306282917716,2.46363019296917,2.46363019296917,2.463630223174,2.463630223174,,
Solomon Islands,SLB,Terrestrial and marine protected areas (% of total territorial area),ER.PTD.TOTL.ZS,,,,,,,,,,,,,,,,,,,,,,,,,,,,,,,,,,,,,,,,,,,,,,,,,,,,,,,,,0.15528252541981,0.155319976394379,0.155319976394379,0.146091290944574,0.1470337725967,0.147033772615005,0.150365792501757,,
Sierra Leone,SLE,Terrestrial and marine protected areas (% of total territorial area),ER.PTD.TOTL.ZS,,,,,,,,,,,,,,,,,,,,,,,,,,,,,,,,,,,,,,,,,,,,,,,,,,,,,,,,,3.29728394383981,3.2969497958773,3.2969497958773,3.29695591552035,3.29695591552035,5.09579596628128,5.09579596628128,,
El Salvador,SLV,Terrestrial and marine protected areas (% of total territorial area),ER.PTD.TOTL.ZS,,,,,,,,,,,,,,,,,,,,,,,,,,,,,,,,,,,,,,,,,,,,,,,,,,,,,,,,,2.15222717624485,2.15167925790249,2.15167925790249,2.15167836895448,2.12931201789671,2.12931201780961,2.12931201780961,,
San Marino,SMR,Terrestrial and marine protected areas (% of total territorial area),ER.PTD.TOTL.ZS,,,,,,,,,,,,,,,,,,,,,,,,,,,,,,,,,,,,,,,,,,,,,,,,,,,,,,,,,,,,,,,,,
Somalia,SOM,Terrestrial and marine protected areas (% of total territorial area),ER.PTD.TOTL.ZS,,,,,,,,,,,,,,,,,,,,,,,,,,,,,,,,,,,,,,,,,,,,,,,,,,,,,,,,,0.827283619408155,,,,0,0,0,,
Serbia,SRB,Terrestrial and marine protected areas (% of total territorial area),ER.PTD.TOTL.ZS,,,,,,,,,,,,,,,,,,,,,,,,,,,,,,,,,,,,,,,,,,,,,,,,,,,,,,,,,6.14965014896773,6.61310734024646,6.61310734024646,7.55540944615978,7.64450007244757,7.64728718538627,8.1379898947208,,
Sub-Saharan Africa (excluding high income),SSA,Terrestrial and marine protected areas (% of total territorial area),ER.PTD.TOTL.ZS,,,,,,,,,,,,,,,,,,,,,,,,,,,,,,,,,,,,,,,,,,,,,,,,,,,,,,,,,14.1566959471227,14.6744906681242,14.6744871476467,14.8317313137485,14.5873197794527,14.7183122815175,,,
South Sudan,SSD,Terrestrial and marine protected areas (% of total territorial area),ER.PTD.TOTL.ZS,,,,,,,,,,,,,,,,,,,,,,,,,,,,,,,,,,,,,,,,,,,,,,,,,,,,,,,,,15.5015818826495,15.5015012515745,15.5015012515745,15.501501261452,15.501501261452,15.501501261452,15.5015012638986,,
Sub-Saharan Africa,SSF,Terrestrial and marine protected areas (% of total territorial area),ER.PTD.TOTL.ZS,,,,,,,,,,,,,,,,,,,,,,,,,,,,,,,,,,,,,,,,,,,,,,,,,,,,,,,,,14.1564292434139,14.6742067317657,14.6742032114296,14.8317475692,14.5876646266332,14.7186563721833,,,
Small states,SST,Terrestrial and marine protected areas (% of total territorial area),ER.PTD.TOTL.ZS,,,,,,,,,,,,,,,,,,,,,,,,,,,,,,,,,,,,,,,,,,,,,,,,,,,,,,,,,17.9694761714763,19.3926904598707,19.3926528536705,19.4221338634139,19.5415764084253,19.5446644754597,,,
Sao Tome and Principe,STP,Terrestrial and marine protected areas (% of total territorial area),ER.PTD.TOTL.ZS,,,,,,,,,,,,,,,,,,,,,,,,,,,,,,,,,,,,,,,,,,,,,,,,,,,,,,,,,0.244162518792601,0.244688365296076,0.244688365296076,0.244688049322376,0.244688049322376,0.244688049194266,0.244688049194266,,
Suriname,SUR,Terrestrial and marine protected areas (% of total territorial area),ER.PTD.TOTL.ZS,,,,,,,,,,,,,,,,,,,,,,,,,,,,,,,,,,,,,,,,,,,,,,,,,,,,,,,,,8.48321297296984,8.48307368434299,8.48307368434299,8.48307406735323,8.48307406735323,8.48307406735323,8.48307406735323,,
Slovak Republic,SVK,Terrestrial and marine protected areas (% of total territorial area),ER.PTD.TOTL.ZS,,,,,,,,,,,,,,,,,,,,,,,,,,,,,,,,,,,,,,,,,,,,,,,,,,,,,,,,,37.283515729079,37.6304133373472,37.6304133373472,37.5867231057558,37.5877995808164,37.5874705738803,37.5865817729414,,
Slovenia,SVN,Terrestrial and marine protected areas (% of total territorial area),ER.PTD.TOTL.ZS,,,,,,,,,,,,,,,,,,,,,,,,,,,,,,,,,,,,,,,,,,,,,,,,,,,,,,,,,55.0920233425064,55.0732581875932,55.0732581875932,54.0902883793639,40.0173834416625,40.0172021187637,40.0922967119877,,
Sweden,SWE,Terrestrial and marine protected areas (% of total territorial area),ER.PTD.TOTL.ZS,,,,,,,,,,,,,,,,,,,,,,,,,,,,,,,,,,,,,,,,,,,,,,,,,,,,,,,,,12.8652828471003,14.9669469297684,14.9669469297684,14.6293158827869,14.695884728922,14.8380102035061,15.5281205234679,,
Eswatini,SWZ,Terrestrial and marine protected areas (% of total territorial area),ER.PTD.TOTL.ZS,,,,,,,,,,,,,,,,,,,,,,,,,,,,,,,,,,,,,,,,,,,,,,,,,,,,,,,,,4.095547390098,4.23300820628733,4.23300820628733,4.25826472941907,4.25826472941907,4.25826472768856,4.25826472768856,,
Sint Maarten (Dutch part),SXM,Terrestrial and marine protected areas (% of total territorial area),ER.PTD.TOTL.ZS,,,,,,,,,,,,,,,,,,,,,,,,,,,,,,,,,,,,,,,,,,,,,,,,,,,,,,,,,5.0561797752809,8.09845074272912,8.09845074272912,8.10552020819594,8.10553462796107,8.15514116126077,8.15514101144502,,
Seychelles,SYC,Terrestrial and marine protected areas (% of total territorial area),ER.PTD.TOTL.ZS,,,,,,,,,,,,,,,,,,,,,,,,,,,,,,,,,,,,,,,,,,,,,,,,,,,,,,,,,0.0513670647204141,0.0513686681320179,0.0513686681320179,15.6689099307942,32.8254369363669,32.8254369363743,32.8254369363743,,
Syrian Arab Republic,SYR,Terrestrial and marine protected areas (% of total territorial area),ER.PTD.TOTL.ZS,,,,,,,,,,,,,,,,,,,,,,,,,,,,,,,,,,,,,,,,,,,,,,,,,,,,,,,,,0.66292384624593,0.662806451357412,0.662806451357412,0.662807728961875,0.662807728961875,0.662807728956845,0.662807728956845,,
Turks and Caicos Islands,TCA,Terrestrial and marine protected areas (% of total territorial area),ER.PTD.TOTL.ZS,,,,,,,,,,,,,,,,,,,,,,,,,,,,,,,,,,,,,,,,,,,,,,,,,,,,,,,,,0.387735700796855,0.387451664312368,0.387451664312368,0.38745122238148,0.38745122238148,0.387451222252664,0.387451222252664,,
Chad,TCD,Terrestrial and marine protected areas (% of total territorial area),ER.PTD.TOTL.ZS,,,,,,,,,,,,,,,,,,,,,,,,,,,,,,,,,,,,,,,,,,,,,,,,,,,,,,,,,20.3544453722663,20.3544358034532,20.3544358034532,20.3544357536331,20.971255019332,20.971255019332,20.971255019332,,
East Asia & Pacific (IDA & IBRD countries),TEA,Terrestrial and marine protected areas (% of total territorial area),ER.PTD.TOTL.ZS,,,,,,,,,,,,,,,,,,,,,,,,,,,,,,,,,,,,,,,,,,,,,,,,,,,,,,,,,13.0944707092261,12.3709108005319,12.3709067298248,12.4278710416045,12.7899251334879,12.8279115757369,,,
Europe & Central Asia (IDA & IBRD countries),TEC,Terrestrial and marine protected areas (% of total territorial area),ER.PTD.TOTL.ZS,,,,,,,,,,,,,,,,,,,,,,,,,,,,,,,,,,,,,,,,,,,,,,,,,,,,,,,,,7.38575120451319,7.41411435212516,7.41412718909672,7.44682341872071,8.47668467899034,9.60198492924272,,,
Togo,TGO,Terrestrial and marine protected areas (% of total territorial area),ER.PTD.TOTL.ZS,,,,,,,,,,,,,,,,,,,,,,,,,,,,,,,,,,,,,,,,,,,,,,,,,,,,,,,,,21.7913330548002,21.7910925889806,21.7910925889806,21.7911109514549,22.0703732796562,22.0703732799987,22.0703732799987,,
Thailand,THA,Terrestrial and marine protected areas (% of total territorial area),ER.PTD.TOTL.ZS,,,,,,,,,,,,,,,,,,,,,,,,,,,,,,,,,,,,,,,,,,,,,,,,,,,,,,,,,12.5097447231165,12.5097581187036,12.5097581187036,12.5097651118809,13.2714574134773,13.2989614045346,13.2989614045346,,
Tajikistan,TJK,Terrestrial and marine protected areas (% of total territorial area),ER.PTD.TOTL.ZS,,,,,,,,,,,,,,,,,,,,,,,,,,,,,,,,,,,,,,,,,,,,,,,,,,,,,,,,,22.278588511869,22.2786610881726,22.2786610881726,22.2786610873402,22.2786610873402,22.2786610873402,22.2786610873402,,
Turkmenistan,TKM,Terrestrial and marine protected areas (% of total territorial area),ER.PTD.TOTL.ZS,,,,,,,,,,,,,,,,,,,,,,,,,,,,,,,,,,,,,,,,,,,,,,,,,,,,,,,,,3.21223105882721,3.21223845567095,3.21223845567095,3.2122375017179,3.2122375017179,3.2122375017179,3.2122375017179,,
Latin America & the Caribbean (IDA & IBRD countries),TLA,Terrestrial and marine protected areas (% of total territorial area),ER.PTD.TOTL.ZS,,,,,,,,,,,,,,,,,,,,,,,,,,,,,,,,,,,,,,,,,,,,,,,,,,,,,,,,,16.3788278833737,21.8424046184138,21.8424043151249,22.493306580909,22.9548522741092,23.0351421197184,,,
Timor-Leste,TLS,Terrestrial and marine protected areas (% of total territorial area),ER.PTD.TOTL.ZS,,,,,,,,,,,,,,,,,,,,,,,,,,,,,,,,,,,,,,,,,,,,,,,,,,,,,,,,,4.42200884053989,4.42304453978833,4.42304453978833,5.18824098029797,5.18824098029797,5.18824097960241,5.18824097960241,,
Middle East & North Africa (IDA & IBRD countries),TMN,Terrestrial and marine protected areas (% of total territorial area),ER.PTD.TOTL.ZS,,,,,,,,,,,,,,,,,,,,,,,,,,,,,,,,,,,,,,,,,,,,,,,,,,,,,,,,,6.02388459952074,6.01846418474589,6.01846418474589,6.03190398394633,4.50133370676504,4.43803037839904,,,
Tonga,TON,Terrestrial and marine protected areas (% of total territorial area),ER.PTD.TOTL.ZS,,,,,,,,,,,,,,,,,,,,,,,,,,,,,,,,,,,,,,,,,,,,,,,,,,,,,,,,,1.52163261595664,1.52165140342354,1.52165140342354,0.0727442805429683,0.0727442805429683,0.0727442804921326,0.0727442804921326,,
South Asia (IDA & IBRD),TSA,Terrestrial and marine protected areas (% of total territorial area),ER.PTD.TOTL.ZS,,,,,,,,,,,,,,,,,,,,,,,,,,,,,,,,,,,,,,,,,,,,,,,,,,,,,,,,,4.97871497632563,4.97871628286101,4.97868990469891,4.97868714530166,5.44021100793657,6.02676720951409,,,
Sub-Saharan Africa (IDA & IBRD countries),TSS,Terrestrial and marine protected areas (% of total territorial area),ER.PTD.TOTL.ZS,,,,,,,,,,,,,,,,,,,,,,,,,,,,,,,,,,,,,,,,,,,,,,,,,,,,,,,,,14.1564292434139,14.6742067317657,14.6742032114296,14.8317475692,14.5876646266332,14.7186563721833,,,
Trinidad and Tobago,TTO,Terrestrial and marine protected areas (% of total territorial area),ER.PTD.TOTL.ZS,,,,,,,,,,,,,,,,,,,,,,,,,,,,,,,,,,,,,,,,,,,,,,,,,,,,,,,,,2.01452631474999,2.01442316051301,2.01442316051301,2.01441219912115,2.01441219912115,2.01441219950381,2.01441219950381,,
Tunisia,TUN,Terrestrial and marine protected areas (% of total territorial area),ER.PTD.TOTL.ZS,,,,,,,,,,,,,,,,,,,,,,,,,,,,,,,,,,,,,,,,,,,,,,,,,,,,,,,,,5.20860952560716,5.20859939962545,5.20859939962545,5.20860865302287,5.20860865302287,5.20860865302287,5.20860865302287,,
Turkiye,TUR,Terrestrial and marine protected areas (% of total territorial area),ER.PTD.TOTL.ZS,,,,,,,,,,,,,,,,,,,,,,,,,,,,,,,,,,,,,,,,,,,,,,,,,,,,,,,,,0.190624822703985,0.190652366562585,0.190652366562585,0.19065237415556,0.19065237415556,5.67226572455947,5.67226572455947,,
Tuvalu,TUV,Terrestrial and marine protected areas (% of total territorial area),ER.PTD.TOTL.ZS,,,,,,,,,,,,,,,,,,,,,,,,,,,,,,,,,,,,,,,,,,,,,,,,,,,,,,,,,0.00860724172331735,0.00859404213623363,0.00859404213623363,0.029974066242749,0.029974066242749,0.0299740661476594,0.0299740661476594,,
Tanzania,TZA,Terrestrial and marine protected areas (% of total territorial area),ER.PTD.TOTL.ZS,,,,,,,,,,,,,,,,,,,,,,,,,,,,,,,,,,,,,,,,,,,,,,,,,,,,,,,,,30.8434525614166,30.9703296098506,30.9703296098506,30.9920895541659,31.0483439026671,31.0483439026671,31.1556973146243,,
Uganda,UGA,Terrestrial and marine protected areas (% of total territorial area),ER.PTD.TOTL.ZS,,,,,,,,,,,,,,,,,,,,,,,,,,,,,,,,,,,,,,,,,,,,,,,,,,,,,,,,,16.0640835978875,16.0639496289362,16.0639496289362,16.0639455196201,16.0618448705928,16.0618448705928,16.0618448705928,,
Ukraine,UKR,Terrestrial and marine protected areas (% of total territorial area),ER.PTD.TOTL.ZS,,,,,,,,,,,,,,,,,,,,,,,,,,,,,,,,,,,,,,,,,,,,,,,,,,,,,,,,,3.86287620859695,3.88167902094994,3.88167902094994,3.87910573628927,4.17371503393402,12.2779180883833,12.2779180883833,,
Upper middle income,UMC,Terrestrial and marine protected areas (% of total territorial area),ER.PTD.TOTL.ZS,,,,,,,,,,,,,,,,,,,,,,,,,,,,,,,,,,,,,,,,,,,,,,,,,,,,,,,,,11.1501239453464,12.7286061059527,12.7286070172469,12.9082972376504,13.4644124235853,13.8760375269975,,,
Uruguay,URY,Terrestrial and marine protected areas (% of total territorial area),ER.PTD.TOTL.ZS,,,,,,,,,,,,,,,,,,,,,,,,,,,,,,,,,,,,,,,,,,,,,,,,,,,,,,,,,2.32500934184476,2.29507712745326,2.29507712745326,2.29507734528862,2.44221612146411,2.44278917903604,2.44278917903604,,
United States,USA,Terrestrial and marine protected areas (% of total territorial area),ER.PTD.TOTL.ZS,,,,,,,,,,,,,,,,,,,,,,,,,,,,,,,,,,,,,,,,,,,,,,,,,,,,,,,,,26.326199718432,26.328083601169,26.328083601169,26.3281159177314,23.9458352965842,15.8832744740312,15.8833371610815,,
Uzbekistan,UZB,Terrestrial and marine protected areas (% of total territorial area),ER.PTD.TOTL.ZS,,,,,,,,,,,,,,,,,,,,,,,,,,,,,,,,,,,,,,,,,,,,,,,,,,,,,,,,,3.3750589802659,3.37521371527249,3.37521371527249,3.37521372055341,5.76784640342131,5.76784640342131,5.76784640342131,,
St. Vincent and the Grenadines,VCT,Terrestrial and marine protected areas (% of total territorial area),ER.PTD.TOTL.ZS,,,,,,,,,,,,,,,,,,,,,,,,,,,,,,,,,,,,,,,,,,,,,,,,,,,,,,,,,0.465862061493792,0.466562636505707,0.466562636505707,0.466563474535167,0.466563474535167,0.466563474399742,0.466563474399742,,
"Venezuela, RB",VEN,Terrestrial and marine protected areas (% of total territorial area),ER.PTD.TOTL.ZS,,,,,,,,,,,,,,,,,,,,,,,,,,,,,,,,,,,,,,,,,,,,,,,,,,,,,,,,,36.9025423875064,36.9025524393404,36.9025524393404,36.90253913502,39.0006456628187,39.0006456628187,39.000858714192,,
British Virgin Islands,VGB,Terrestrial and marine protected areas (% of total territorial area),ER.PTD.TOTL.ZS,,,,,,,,,,,,,,,,,,,,,,,,,,,,,,,,,,,,,,,,,,,,,,,,,,,,,,,,,0.0743447440124602,0.0239265980805522,0.0239265980805522,0.023926457601298,0.023926457601298,0.0239264569768021,0.0239264569768021,,
Virgin Islands (U.S.),VIR,Terrestrial and marine protected areas (% of total territorial area),ER.PTD.TOTL.ZS,,,,,,,,,,,,,,,,,,,,,,,,,,,,,,,,,,,,,,,,,,,,,,,,,,,,,,,,,0.991597515787276,0.983624337365397,0.983624337365397,0.983617440909884,0.622655683984376,0.991611364533208,0.991611364533208,,
Viet Nam,VNM,Terrestrial and marine protected areas (% of total territorial area),ER.PTD.TOTL.ZS,,,,,,,,,,,,,,,,,,,,,,,,,,,,,,,,,,,,,,,,,,,,,,,,,,,,,,,,,2.92944743522906,2.92950692092655,2.92950692092655,2.92950655111637,2.92950655111637,2.92950655009295,2.92950655009295,,
Vanuatu,VUT,Terrestrial and marine protected areas (% of total territorial area),ER.PTD.TOTL.ZS,,,,,,,,,,,,,,,,,,,,,,,,,,,,,,,,,,,,,,,,,,,,,,,,,,,,,,,,,0.0907589290005189,0.090716740815002,0.090716740815002,0.0907167088686312,0.0907167088686312,0.0907167089757772,0.0907167089757772,,
World,WLD,Terrestrial and marine protected areas (% of total territorial area),ER.PTD.TOTL.ZS,,,,,,,,,,,,,,,,,,,,,,,,,,,,,,,,,,,,,,,,,,,,,,,,,,,,,,,,,13.3456800255543,14.3374878609566,14.3375150037218,14.599801406318,14.7871109138805,14.5522603838367,,,
Samoa,WSM,Terrestrial and marine protected areas (% of total territorial area),ER.PTD.TOTL.ZS,,,,,,,,,,,,,,,,,,,,,,,,,,,,,,,,,,,,,,,,,,,,,,,,,,,,,,,,,0.228551141091498,0.242263364980923,0.242263364980923,0.242264086117103,0.31698413164819,0.316984132239908,0.316984132239908,,
Kosovo,XKX,Terrestrial and marine protected areas (% of total territorial area),ER.PTD.TOTL.ZS,,,,,,,,,,,,,,,,,,,,,,,,,,,,,,,,,,,,,,,,,,,,,,,,,,,,,,,,,,,,,,,,,
"Yemen, Rep.",YEM,Terrestrial and marine protected areas (% of total territorial area),ER.PTD.TOTL.ZS,,,,,,,,,,,,,,,,,,,,,,,,,,,,,,,,,,,,,,,,,,,,,,,,,,,,,,,,,0.605805312181478,0.605801443960698,0.605801443960698,0.605801455707474,0.605801455707474,0.605801455707474,0.605801455707474,,
South Africa,ZAF,Terrestrial and marine protected areas (% of total territorial area),ER.PTD.TOTL.ZS,,,,,,,,,,,,,,,,,,,,,,,,,,,,,,,,,,,,,,,,,,,,,,,,,,,,,,,,,12.9850092764781,10.2606485926041,10.2606485926041,11.807255673899,12.4397025793008,12.4858980057726,12.7377941014656,,
Zambia,ZMB,Terrestrial and marine protected areas (% of total territorial area),ER.PTD.TOTL.ZS,,,,,,,,,,,,,,,,,,,,,,,,,,,,,,,,,,,,,,,,,,,,,,,,,,,,,,,,,38.0490508448198,37.8700104508234,37.8700104508234,41.2593993567739,41.2593993567739,41.2593993567739,41.2593993567739,,
Zimbabwe,ZWE,Terrestrial and marine protected areas (% of total territorial area),ER.PTD.TOTL.ZS,,,,,,,,,,,,,,,,,,,,,,,,,,,,,,,,,,,,,,,,,,,,,,,,,,,,,,,,,27.2145424089062,27.2145851759137,27.2145851759137,27.2147472925701,27.2147472925701,27.2147472925701,27.2147472925701,,